,match_id,comp_id,season_id,date,home_name,home_id,away_name,away_id,home_score,away_score,home_xg_ft,away_xg_ft,home_xg_1h,away_xg_1h,home_xg_2h,away_xg_2h,home_sot_ft,away_sot_ft,home_sot_1h,away_sot_1h,home_sot_2h,away_sot_2h,home_shots_ft,away_shots_ft,home_shots_1h,away_shots_1h,home_shots_2h,away_shots_2h,home_corners_ft,away_corners_ft,home_corners_1h,away_corners_1h,home_corners_2h,away_corners_2h,home_fouls_ft,away_fouls_ft,home_fouls_1h,away_fouls_1h,home_fouls_2h,away_fouls_2h,home_offsides_ft,away_offsides_ft,home_offsides_1h,away_offsides_1h,home_offsides_2h,away_offsides_2h,home_yellows_ft,away_yellows_ft,home_yellows_1h,away_yellows_1h,home_yellows_2h,away_yellows_2h,home_poss_ft,away_poss_ft,home_poss_1h,away_poss_1h,home_poss_2h,away_poss_2h,home_reds_ft,away_reds_ft,home_reds_1h,away_reds_1h,home_reds_2h,away_reds_2h
0,mt_625686006,comp_2954,sn_3001600,2025-06-09T18:45:00.000Z,Croatia,tm_41754,Czechia,tm_09485,5,1,3.62,1.68,,,,,11,5,4.0,2.0,7.0,3.0,18,14,10.0,10.0,8.0,4.0,0,6,0.0,1.0,0.0,5.0,3,11,,,,,3,1,3.0,0.0,0.0,1.0,0,2,0,0,0,2,61,39,69.0,31.0,51.0,49.0,0,0,0,0,0,0
1,mt_401494222,comp_2954,sn_3001600,2025-06-09T18:45:00.000Z,Faroe Islands,tm_17071,Gibraltar,tm_0189159,2,1,2.38,0.25,,,,,5,1,1.0,1.0,4.0,0.0,22,5,10.0,4.0,12.0,1.0,11,3,5.0,2.0,6.0,1.0,12,7,,,,,3,2,0.0,1.0,3.0,1.0,1,1,0,1,1,0,73,27,73.0,27.0,74.0,26.0,0,0,0,0,0,0
2,mt_836828772,comp_2954,sn_3001600,2025-06-09T18:45:00.000Z,Belgium,tm_32860,Wales,tm_94101,4,3,2.86,2.43,,,,,4,8,3.0,4.0,1.0,4.0,18,12,9.0,6.0,9.0,6.0,7,5,5.0,4.0,2.0,1.0,13,9,,,,,1,0,1.0,0.0,0.0,0.0,3,3,2,1,1,2,46,54,47.0,53.0,44.0,56.0,0,0,0,0,0,0
3,mt_625686050,comp_2954,sn_3001600,2025-06-09T18:45:00.000Z,Italy,tm_32805,Moldova,tm_94208,2,0,2.73,1.61,,,,,7,7,2.0,2.0,5.0,5.0,28,18,13.0,6.0,15.0,12.0,7,6,3.0,4.0,4.0,2.0,8,12,,,,,0,1,0.0,1.0,0.0,0.0,1,1,0,0,1,1,66,34,72.0,28.0,59.0,41.0,0,0,0,0,0,0
4,mt_401494211,comp_2954,sn_3001600,2025-06-09T18:45:00.000Z,Estonia,tm_70906,Norway,tm_41500,0,1,0.47,2.39,,,,,2,3,0.0,1.0,2.0,2.0,7,19,1.0,11.0,6.0,8.0,2,2,0.0,2.0,2.0,0.0,7,9,,,,,0,0,,,,,1,1,0,0,1,1,38,62,32.0,68.0,45.0,55.0,0,0,0,0,0,0
5,mt_019070593,comp_2954,sn_3001600,2025-06-09T14:00:00.000Z,Kazakhstan,tm_94197,North Macedonia,tm_32834,0,1,0.81,0.56,,,,,3,5,2.0,4.0,1.0,1.0,13,9,6.0,6.0,7.0,3.0,6,0,4.0,0.0,2.0,0.0,21,11,,,,,1,1,0.0,1.0,1.0,0.0,2,2,0,0,2,2,53,47,49.0,51.0,59.0,41.0,0,0,0,0,0,0
6,mt_583565932,comp_2954,sn_3001600,2025-06-07T18:45:00.000Z,Finland,tm_94162,Netherlands,tm_41792,0,2,0.22,2.29,,,,,2,6,1.0,4.0,1.0,2.0,5,17,3.0,11.0,2.0,6.0,1,6,1.0,2.0,0.0,4.0,9,9,,,,,0,2,0.0,1.0,0.0,1.0,1,2,0,1,1,1,40,60,34.0,66.0,47.0,53.0,0,0,0,0,0,0
7,mt_974909348,comp_2954,sn_3001600,2025-06-07T18:45:00.000Z,Albania,tm_17513,Serbia,tm_44175,0,0,1.12,0.35,,,,,4,2,3.0,1.0,1.0,1.0,10,8,7.0,4.0,3.0,4.0,4,4,1.0,2.0,3.0,2.0,9,13,,,,,0,0,,,,,1,2,1,1,0,1,44,56,48.0,52.0,40.0,60.0,0,0,0,0,0,0
8,mt_258232185,comp_2954,sn_3001600,2025-06-07T18:45:00.000Z,Austria,tm_86533,Romania,tm_32068,2,1,1.37,0.6,,,,,9,3,7.0,0.0,2.0,3.0,14,10,11.0,3.0,3.0,7.0,5,4,3.0,2.0,2.0,2.0,11,10,,,,,1,2,0.0,2.0,1.0,0.0,1,1,0,1,1,0,60,40,60.0,40.0,60.0,40.0,0,0,0,0,0,0
9,mt_197141873,comp_2954,sn_3001600,2025-06-07T16:00:00.000Z,Malta,tm_53717,Lithuania,tm_65365,0,0,0.1,0.34,,,,,1,2,0.0,1.0,1.0,1.0,6,8,2.0,6.0,4.0,2.0,2,2,0.0,2.0,2.0,0.0,23,19,,,,,1,0,1.0,0.0,0.0,0.0,3,2,1,1,2,1,49,51,47.0,53.0,50.0,50.0,0,0,0,0,0,0
10,mt_740717601,comp_2954,sn_3001600,2025-06-07T16:00:00.000Z,Andorra,tm_86059,England,tm_53273,0,1,0.28,2.28,,,,,0,10,0.0,4.0,0.0,6.0,4,20,1.0,10.0,3.0,10.0,0,12,0.0,8.0,0.0,4.0,13,8,,,,,0,2,0.0,1.0,0.0,1.0,0,0,0,0,0,0,17,83,17.0,83.0,17.0,83.0,0,0,0,0,0,0
11,mt_836828708,comp_2954,sn_3001600,2025-06-07T13:00:00.000Z,Bosnia & Herzegovina,tm_70240,San Marino,tm_53436,1,0,2.62,0.47,,,,,6,0,2.0,0.0,4.0,0.0,21,5,9.0,5.0,12.0,0.0,5,2,4.0,2.0,1.0,0.0,21,12,,,,,0,1,0.0,1.0,0.0,0.0,1,2,0,0,1,2,67,33,72.0,28.0,62.0,38.0,0,0,0,0,0,0
12,mt_362353414,comp_2954,sn_3001600,2025-06-06T18:45:00.000Z,Gibraltar,tm_0189159,Croatia,tm_41754,0,7,0.25,4.08,,,,,0,13,0.0,7.0,0.0,6.0,3,30,1.0,18.0,2.0,12.0,1,12,1.0,8.0,0.0,4.0,9,10,,,,,2,6,1.0,2.0,1.0,4.0,0,1,0,0,0,1,32,68,30.0,70.0,34.0,66.0,0,0,0,0,0,0
13,mt_625686095,comp_2954,sn_3001600,2025-06-06T18:45:00.000Z,Czechia,tm_09485,Montenegro,tm_721624,2,0,1.06,1.29,,,,,7,3,2.0,0.0,5.0,3.0,13,6,4.0,1.0,9.0,5.0,8,4,3.0,3.0,5.0,1.0,23,10,,,,,4,1,2.0,1.0,2.0,0.0,1,3,0,1,1,2,57,43,60.0,40.0,54.0,46.0,0,0,0,0,0,0
14,mt_019070534,comp_2954,sn_3001600,2025-06-06T18:45:00.000Z,Wales,tm_94101,Liechtenstein,tm_17667,3,0,4.01,0.0,,,,,11,0,6.0,0.0,5.0,0.0,26,0,14.0,0.0,12.0,0.0,12,0,8.0,0.0,4.0,0.0,9,8,,,,,1,3,1.0,1.0,0.0,2.0,1,2,0,0,1,2,79,21,77.0,23.0,81.0,19.0,0,0,0,0,0,0
15,mt_583565941,comp_2954,sn_3001600,2025-06-06T18:45:00.000Z,North Macedonia,tm_32834,Belgium,tm_32860,1,1,0.68,2.01,,,,,2,4,1.0,3.0,1.0,1.0,7,17,4.0,12.0,3.0,5.0,1,10,1.0,8.0,0.0,2.0,13,11,,,,,2,1,0.0,0.0,2.0,1.0,6,1,1,1,5,0,32,68,32.0,68.0,32.0,68.0,0,0,0,0,0,0
16,mt_974909327,comp_2954,sn_3001600,2025-06-06T18:45:00.000Z,Norway,tm_41500,Italy,tm_32805,3,0,1.51,0.19,,,,,4,1,4.0,0.0,0.0,1.0,8,6,7.0,1.0,1.0,5.0,6,2,3.0,1.0,3.0,1.0,11,10,,,,,0,2,0.0,1.0,0.0,1.0,2,0,1,0,1,0,38,62,34.0,66.0,42.0,58.0,0,0,0,0,0,0
17,mt_258232179,comp_2954,sn_3001600,2025-06-06T18:45:00.000Z,Estonia,tm_70906,Israel,tm_17398,1,3,0.72,2.77,,,,,2,7,2.0,3.0,0.0,4.0,8,16,4.0,11.0,4.0,5.0,5,5,4.0,3.0,1.0,2.0,13,7,,,,,1,0,1.0,0.0,0.0,0.0,1,0,0,0,1,0,53,47,50.0,50.0,56.0,44.0,0,0,0,0,0,0
18,mt_197141864,comp_2954,sn_3001600,2025-03-25T19:45:00.000Z,Montenegro,tm_721624,Faroe Islands,tm_17071,1,0,1.9,0.5,,,,,5,1,1.0,0.0,4.0,1.0,20,4,5.0,2.0,15.0,2.0,7,3,3.0,3.0,4.0,0.0,9,10,,,,,0,1,0.0,1.0,0.0,0.0,1,1,0,1,1,0,66,34,61.0,39.0,72.0,28.0,0,0,0,0,0,0
19,mt_740717697,comp_2954,sn_3001600,2025-03-25T19:45:00.000Z,Gibraltar,tm_0189159,Czechia,tm_09485,0,4,0.0,3.99,,,,,0,12,0.0,5.0,0.0,7.0,1,29,0.0,12.0,1.0,17.0,0,12,0.0,5.0,0.0,7.0,10,10,,,,,5,3,2.0,2.0,3.0,1.0,3,1,3,1,0,0,20,80,24.0,76.0,16.0,84.0,0,0,0,0,0,0
20,mt_836828757,comp_2954,sn_3001600,2025-03-25T19:45:00.000Z,North Macedonia,tm_32834,Wales,tm_94101,1,1,0.47,0.97,,,,,2,6,0.0,3.0,2.0,3.0,8,11,3.0,4.0,5.0,7.0,5,5,2.0,4.0,3.0,1.0,10,16,,,,,2,1,0.0,0.0,2.0,1.0,2,2,1,0,1,2,32,68,35.0,65.0,28.0,72.0,0,0,0,0,0,0
21,mt_362353482,comp_2954,sn_3001600,2025-03-25T19:45:00.000Z,Liechtenstein,tm_17667,Kazakhstan,tm_94197,0,2,0.15,2.18,,,,,2,4,2.0,2.0,0.0,2.0,3,16,3.0,5.0,0.0,11.0,1,6,0.0,1.0,1.0,5.0,6,10,,,,,0,1,0.0,1.0,0.0,0.0,1,1,1,1,0,0,30,70,36.0,64.0,25.0,75.0,0,0,0,0,0,0
22,mt_401494277,comp_2954,sn_3001600,2025-03-25T19:45:00.000Z,Israel,tm_17398,Norway,tm_41500,2,4,0.63,3.76,,,,,6,12,1.0,5.0,5.0,7.0,10,23,4.0,12.0,6.0,11.0,2,7,0.0,5.0,2.0,2.0,7,9,,,,,1,1,0.0,1.0,1.0,0.0,1,2,0,1,1,1,45,55,37.0,63.0,53.0,47.0,0,0,0,0,0,0
23,mt_625686039,comp_2954,sn_3001600,2025-03-25T17:00:00.000Z,Moldova,tm_94208,Estonia,tm_70906,2,3,1.1,1.77,,,,,6,7,3.0,5.0,3.0,2.0,14,10,4.0,6.0,10.0,4.0,5,3,2.0,2.0,3.0,1.0,14,15,,,,,0,3,0.0,2.0,0.0,1.0,3,5,0,2,3,3,50,50,40.0,60.0,61.0,39.0,1,1,1,0,0,1
24,mt_019070542,comp_2954,sn_3001600,2025-03-24T19:45:00.000Z,Poland,tm_53264,Malta,tm_53717,2,0,3.19,0.29,,,,,12,3,6.0,2.0,6.0,1.0,28,9,13.0,5.0,15.0,4.0,5,3,3.0,2.0,2.0,1.0,12,16,,,,,0,0,,,,,2,3,1,1,1,2,58,42,56.0,44.0,60.0,40.0,0,1,0,0,0,1
25,mt_974909316,comp_2954,sn_3001600,2025-03-24T19:45:00.000Z,England,tm_53273,Latvia,tm_65386,3,0,5.22,0.07,,,,,8,1,3.0,1.0,5.0,0.0,27,3,17.0,2.0,10.0,1.0,10,2,4.0,1.0,6.0,1.0,11,13,,,,,0,2,0.0,1.0,0.0,1.0,1,2,1,0,0,2,73,27,79.0,21.0,68.0,32.0,0,0,0,0,0,0
26,mt_258232163,comp_2954,sn_3001600,2025-03-24T19:45:00.000Z,Albania,tm_17513,Andorra,tm_86059,3,0,0.67,0.0,,,,,7,0,3.0,0.0,4.0,0.0,15,0,6.0,0.0,9.0,0.0,2,0,1.0,0.0,1.0,0.0,2,21,,,,,0,2,0.0,2.0,0.0,0.0,0,2,0,1,0,1,85,15,81.0,19.0,89.0,11.0,0,0,0,0,0,0
27,mt_197141851,comp_2954,sn_3001600,2025-03-24T19:45:00.000Z,San Marino,tm_53436,Romania,tm_32068,1,5,0.14,3.51,,,,,1,8,0.0,3.0,1.0,5.0,1,18,0.0,10.0,1.0,8.0,2,10,0.0,7.0,2.0,3.0,11,13,,,,,1,2,0.0,0.0,1.0,2.0,3,1,0,0,3,1,25,75,19.0,81.0,32.0,68.0,0,0,0,0,0,0
28,mt_740717636,comp_2954,sn_3001600,2025-03-24T19:45:00.000Z,Bosnia & Herzegovina,tm_70240,Cyprus,tm_94680,2,1,1.61,1.88,,,,,6,4,2.0,4.0,4.0,0.0,14,11,6.0,10.0,8.0,1.0,7,7,3.0,4.0,4.0,3.0,14,16,,,,,2,4,1.0,2.0,1.0,2.0,2,3,1,1,1,2,56,44,57.0,43.0,55.0,45.0,0,1,0,0,0,1
29,mt_583565928,comp_2954,sn_3001600,2025-03-24T17:00:00.000Z,Lithuania,tm_65365,Finland,tm_94162,2,2,0.83,2.62,,,,,6,4,5.0,3.0,1.0,1.0,11,13,8.0,5.0,3.0,8.0,2,5,1.0,3.0,1.0,2.0,17,15,,,,,1,2,0.0,1.0,1.0,1.0,3,2,1,2,2,0,44,56,46.0,54.0,42.0,58.0,0,0,0,0,0,0
30,mt_836828796,comp_2954,sn_3001600,2025-03-22T19:45:00.000Z,Czechia,tm_09485,Faroe Islands,tm_17071,2,1,3.05,0.32,,,,,7,3,5.0,2.0,2.0,1.0,16,5,12.0,3.0,4.0,2.0,6,3,6.0,1.0,0.0,2.0,12,9,,,,,3,0,3.0,0.0,0.0,0.0,1,3,0,1,1,2,68,32,72.0,28.0,64.0,36.0,0,0,0,0,0,0
31,mt_362353471,comp_2954,sn_3001600,2025-03-22T19:45:00.000Z,Wales,tm_94101,Kazakhstan,tm_94197,3,1,1.59,1.15,,,,,7,2,1.0,2.0,6.0,0.0,12,10,4.0,4.0,8.0,6.0,4,4,2.0,2.0,2.0,2.0,5,7,,,,,0,1,0.0,0.0,0.0,1.0,0,2,0,1,0,1,72,28,71.0,29.0,72.0,28.0,0,0,0,0,0,0
32,mt_625686043,comp_2954,sn_3001600,2025-03-22T19:45:00.000Z,Israel,tm_17398,Estonia,tm_70906,2,1,2.4,0.48,,,,,11,3,3.0,3.0,8.0,0.0,29,7,12.0,3.0,17.0,4.0,14,1,5.0,1.0,9.0,0.0,5,16,,,,,6,2,3.0,1.0,3.0,1.0,1,4,0,2,1,2,75,25,75.0,25.0,75.0,25.0,0,1,0,0,0,1
33,mt_401494266,comp_2954,sn_3001600,2025-03-22T17:00:00.000Z,Montenegro,tm_721624,Gibraltar,tm_0189159,3,1,3.52,1.36,,,,,10,2,5.0,1.0,5.0,1.0,25,7,11.0,4.0,14.0,3.0,7,5,4.0,3.0,3.0,2.0,20,12,,,,,3,3,1.0,3.0,2.0,0.0,3,2,0,0,3,2,66,34,68.0,32.0,65.0,35.0,0,0,0,0,0,0
34,mt_019070521,comp_2954,sn_3001600,2025-03-22T17:00:00.000Z,Moldova,tm_94208,Norway,tm_41500,0,5,1.29,3.12,,,,,4,8,1.0,5.0,3.0,3.0,10,24,4.0,13.0,6.0,11.0,6,6,2.0,4.0,4.0,2.0,10,9,,,,,2,0,0.0,0.0,2.0,0.0,1,1,0,0,1,1,31,69,28.0,72.0,33.0,67.0,0,0,0,0,0,0
35,mt_583565917,comp_2954,sn_3001600,2025-03-22T14:00:00.000Z,Liechtenstein,tm_17667,North Macedonia,tm_32834,0,3,0.23,2.64,,,,,1,9,1.0,5.0,0.0,4.0,5,17,3.0,9.0,2.0,8.0,0,7,0.0,3.0,0.0,4.0,12,7,,,,,2,6,1.0,4.0,1.0,2.0,3,1,2,1,1,0,26,74,25.0,75.0,27.0,73.0,0,0,0,0,0,0
36,mt_974909380,comp_2954,sn_3001600,2025-03-21T19:45:00.000Z,Malta,tm_53717,Finland,tm_94162,0,1,0.87,1.87,,,,,6,5,4.0,5.0,2.0,0.0,19,10,9.0,8.0,10.0,2.0,6,3,1.0,1.0,5.0,2.0,9,12,,,,,1,0,0.0,0.0,1.0,0.0,0,1,0,1,0,0,58,42,52.0,48.0,67.0,33.0,1,0,0,0,1,0
37,mt_258232152,comp_2954,sn_3001600,2025-03-21T19:45:00.000Z,Poland,tm_53264,Lithuania,tm_65365,1,0,1.9,0.49,,,,,7,2,3.0,1.0,4.0,1.0,24,8,11.0,3.0,13.0,5.0,11,1,6.0,0.0,5.0,1.0,14,18,,,,,0,0,,,,,1,1,0,0,1,1,62,38,62.0,38.0,62.0,38.0,0,0,0,0,0,0
38,mt_197141898,comp_2954,sn_3001600,2025-03-21T19:45:00.000Z,Andorra,tm_86059,Latvia,tm_65386,0,1,0.44,0.36,,,,,2,2,0.0,1.0,2.0,1.0,7,6,4.0,3.0,3.0,3.0,3,1,0.0,0.0,3.0,1.0,14,12,,,,,1,2,0.0,0.0,1.0,2.0,0,2,0,0,0,2,37,63,27.0,73.0,48.0,52.0,0,0,0,0,0,0
39,mt_740717640,comp_2954,sn_3001600,2025-03-21T19:45:00.000Z,England,tm_53273,Albania,tm_17513,2,0,1.81,0.0,,,,,6,0,4.0,0.0,2.0,0.0,12,3,7.0,2.0,5.0,1.0,4,1,3.0,1.0,1.0,0.0,9,7,,,,,2,2,0.0,1.0,2.0,1.0,0,1,0,1,0,0,74,26,79.0,21.0,70.0,30.0,0,0,0,0,0,0
40,mt_362353468,comp_2954,sn_3001600,2025-03-21T19:45:00.000Z,Romania,tm_32068,Bosnia & Herzegovina,tm_70240,0,1,1.3,0.96,,,,,3,1,0.0,1.0,3.0,0.0,15,5,8.0,3.0,7.0,2.0,5,1,1.0,0.0,4.0,1.0,14,25,,,,,0,3,0.0,2.0,0.0,1.0,5,3,1,1,4,2,66,34,55.0,45.0,77.0,23.0,0,0,0,0,0,0
41,mt_836828730,comp_2954,sn_3001600,2025-03-21T17:00:00.000Z,Cyprus,tm_94680,San Marino,tm_53436,2,0,2.81,0.29,,,,,11,2,4.0,2.0,7.0,0.0,26,5,8.0,4.0,18.0,1.0,7,2,3.0,1.0,4.0,1.0,14,17,,,,,2,1,1.0,1.0,1.0,0.0,0,2,0,0,0,2,70,30,69.0,31.0,70.0,30.0,0,0,0,0,0,0
42,mt_193097150,comp_2954,sn_270305,2022-06-05T16:00:00.000Z,Wales,tm_94101,Ukraine,tm_28630,1,0,0.0,0.0,,,,,4,9,2.0,5.0,2.0,4.0,10,22,5.0,8.0,5.0,14.0,4,7,2.0,5.0,2.0,2.0,7,7,,,,,2,1,1.0,1.0,1.0,0.0,2,2,2,1,0,1,32,68,37.0,63.0,28.0,72.0,0,0,0,0,0,0
43,mt_621258091,comp_2954,sn_270305,2022-06-01T18:45:00.000Z,Scotland,tm_41641,Ukraine,tm_28630,1,3,0.0,0.0,,,,,4,8,0.0,4.0,4.0,4.0,14,15,5.0,9.0,9.0,6.0,5,6,2.0,3.0,3.0,3.0,14,16,,,,,0,1,0.0,0.0,0.0,1.0,2,3,1,2,1,1,42,58,41.0,59.0,42.0,58.0,0,0,0,0,0,0
44,mt_360655225,comp_2954,sn_270305,2022-03-29T18:45:00.000Z,Poland,tm_53264,Sweden,tm_86978,2,0,0.0,0.0,,,,,8,6,1.0,3.0,7.0,3.0,10,12,3.0,6.0,7.0,6.0,8,7,2.0,2.0,6.0,5.0,11,15,,,,,3,2,2.0,0.0,1.0,2.0,4,2,1,0,3,2,39,61,43.0,57.0,33.0,67.0,0,0,0,0,0,0
45,mt_742411321,comp_2954,sn_270305,2022-03-29T18:45:00.000Z,Portugal,tm_09479,North Macedonia,tm_32834,2,0,0.0,0.0,,,,,3,0,1.0,0.0,2.0,0.0,11,3,7.0,2.0,4.0,1.0,7,3,3.0,2.0,4.0,1.0,11,12,,,,,1,0,1.0,0.0,0.0,0.0,1,2,0,0,1,2,64,36,69.0,31.0,59.0,41.0,0,0,0,0,0,0
46,mt_194843190,comp_2954,sn_270305,2022-03-24T19:45:00.000Z,Italy,tm_32805,North Macedonia,tm_32834,0,1,0.0,0.0,,,,,5,2,3.0,1.0,2.0,1.0,32,4,16.0,1.0,16.0,3.0,16,0,9.0,0.0,7.0,0.0,14,13,,,,,0,1,0.0,0.0,0.0,1.0,0,1,0,0,0,1,65,35,65.0,35.0,66.0,34.0,0,0,0,0,0,0
47,mt_741612743,comp_2954,sn_270305,2022-03-24T19:45:00.000Z,Sweden,tm_86978,Czechia,tm_09485,0,0,0.0,0.0,,,,,2,2,0.0,1.0,1.0,0.0,10,10,5.0,3.0,3.0,5.0,7,6,3.0,4.0,2.0,2.0,26,18,,,,,2,1,1.0,0.0,1.0,1.0,5,4,0,0,3,4,57,43,57.0,43.0,58.0,42.0,0,0,0,0,0,0
48,mt_365450360,comp_2954,sn_270305,2022-03-24T19:45:00.000Z,Portugal,tm_09479,Türkiye,tm_17049,3,1,0.0,0.0,,,,,8,5,4.0,3.0,4.0,2.0,16,12,8.0,6.0,8.0,6.0,2,1,1.0,1.0,1.0,0.0,14,14,,,,,4,2,3.0,1.0,1.0,1.0,2,4,1,1,1,3,60,40,62.0,38.0,57.0,43.0,0,0,0,0,0,0
49,mt_409295454,comp_2954,sn_270305,2022-03-24T19:45:00.000Z,Wales,tm_94101,Austria,tm_86533,2,1,0.0,0.0,,,,,7,4,4.0,1.0,3.0,3.0,14,16,6.0,6.0,8.0,10.0,3,6,2.0,2.0,1.0,4.0,7,15,,,,,2,2,0.0,2.0,2.0,0.0,2,2,0,1,2,1,34,66,38.0,62.0,31.0,69.0,0,0,0,0,0,0
50,mt_080285070,comp_2954,sn_270305,2021-11-16T19:45:00.000Z,Czechia,tm_09485,Estonia,tm_70906,2,0,0.0,0.0,,,,,7,2,3.0,1.0,4.0,1.0,22,12,10.0,8.0,12.0,4.0,6,3,4.0,1.0,2.0,2.0,11,11,,,,,0,0,,,,,2,3,1,2,1,1,62,38,64.0,36.0,59.0,41.0,0,0,0,0,0,0
51,mt_131538140,comp_2954,sn_270305,2021-11-16T19:45:00.000Z,Netherlands,tm_41792,Norway,tm_41500,2,0,0.0,0.0,,,,,5,0,3.0,0.0,2.0,0.0,10,2,5.0,0.0,5.0,2.0,1,2,1.0,0.0,0.0,2.0,5,17,,,,,1,2,1.0,1.0,0.0,1.0,2,2,0,2,2,0,65,35,71.0,29.0,58.0,42.0,0,0,0,0,0,0
52,mt_727326713,comp_2954,sn_270305,2021-11-16T19:45:00.000Z,Wales,tm_94101,Belgium,tm_32860,1,1,0.0,0.0,,,,,3,4,1.0,2.0,2.0,2.0,8,16,2.0,9.0,6.0,7.0,3,6,2.0,4.0,1.0,2.0,7,9,,,,,1,1,0.0,1.0,1.0,0.0,2,3,1,0,1,3,24,76,25.0,75.0,23.0,77.0,0,0,0,0,0,0
53,mt_303704350,comp_2954,sn_270305,2021-11-16T19:45:00.000Z,Bosnia & Herzegovina,tm_70240,Ukraine,tm_28630,0,2,0.0,0.0,,,,,3,5,1.0,1.0,2.0,4.0,7,15,4.0,6.0,3.0,9.0,4,3,2.0,0.0,2.0,3.0,12,6,,,,,2,1,0.0,0.0,2.0,1.0,2,1,0,0,2,1,43,57,37.0,63.0,49.0,51.0,0,0,0,0,0,0
54,mt_080285505,comp_2954,sn_270305,2021-11-16T19:45:00.000Z,Montenegro,tm_721624,Türkiye,tm_17049,1,2,0.0,0.0,,,,,3,8,2.0,5.0,1.0,3.0,12,16,6.0,9.0,6.0,7.0,3,7,1.0,3.0,2.0,4.0,5,8,,,,,1,1,0.0,0.0,1.0,1.0,2,0,0,0,2,0,28,72,26.0,74.0,30.0,70.0,0,0,0,0,0,0
55,mt_969863392,comp_2954,sn_270305,2021-11-16T19:45:00.000Z,Finland,tm_94162,France,tm_28952,0,2,0.0,0.0,,,,,1,5,1.0,1.0,0.0,4.0,8,8,5.0,4.0,3.0,4.0,6,1,2.0,0.0,4.0,1.0,3,4,,,,,1,2,1.0,1.0,0.0,1.0,1,0,1,0,0,0,47,53,41.0,59.0,54.0,46.0,0,0,0,0,0,0
56,mt_616410006,comp_2954,sn_270305,2021-11-16T19:45:00.000Z,Gibraltar,tm_0189159,Latvia,tm_65386,1,3,0.0,0.0,,,,,3,5,2.0,3.0,1.0,2.0,8,9,5.0,4.0,3.0,5.0,1,5,0.0,2.0,1.0,3.0,10,15,,,,,0,2,0.0,1.0,0.0,1.0,4,3,1,0,3,3,43,57,29.0,71.0,57.0,43.0,0,0,0,0,0,0
57,mt_454652459,comp_2954,sn_270305,2021-11-15T19:45:00.000Z,Poland,tm_53264,Hungary,tm_70924,1,2,0.0,0.0,,,,,6,4,3.0,1.0,3.0,3.0,15,8,5.0,3.0,10.0,5.0,9,2,3.0,1.0,6.0,1.0,17,16,,,,,0,0,,,,,4,4,2,2,2,2,63,37,66.0,34.0,61.0,39.0,0,0,0,0,0,0
58,mt_969863904,comp_2954,sn_270305,2021-11-15T19:45:00.000Z,Switzerland,tm_70912,Bulgaria,tm_65328,4,0,0.0,0.0,,,,,9,0,4.0,0.0,5.0,0.0,18,1,10.0,1.0,8.0,0.0,18,1,12.0,1.0,6.0,0.0,15,5,,,,,3,0,0.0,0.0,3.0,0.0,2,2,1,1,1,1,69,31,72.0,28.0,65.0,35.0,0,0,0,0,0,0
59,mt_848947823,comp_2954,sn_270305,2021-11-15T19:45:00.000Z,Austria,tm_86533,Moldova,tm_94208,4,1,0.0,0.0,,,,,7,1,4.0,0.0,3.0,1.0,17,6,9.0,2.0,8.0,4.0,8,1,5.0,1.0,3.0,0.0,12,19,,,,,4,1,2.0,0.0,2.0,1.0,0,1,0,0,0,1,64,36,69.0,31.0,59.0,41.0,0,0,0,0,0,0
60,mt_616410688,comp_2954,sn_270305,2021-11-15T19:45:00.000Z,Scotland,tm_41641,Denmark,tm_65124,2,0,0.0,0.0,,,,,5,2,2.0,0.0,3.0,2.0,9,10,5.0,4.0,4.0,6.0,10,6,8.0,2.0,2.0,4.0,6,8,,,,,1,1,0.0,0.0,1.0,1.0,0,1,0,1,0,0,41,59,47.0,53.0,34.0,66.0,0,0,0,0,0,0
61,mt_454652244,comp_2954,sn_270305,2021-11-15T19:45:00.000Z,Northern Ireland,tm_65980,Italy,tm_32805,0,0,0.0,0.0,,,,,2,6,0.0,4.0,2.0,2.0,4,12,1.0,4.0,3.0,8.0,3,12,1.0,5.0,2.0,7.0,11,11,,,,,1,3,1.0,2.0,0.0,1.0,2,2,0,1,2,1,29,71,27.0,73.0,31.0,69.0,0,0,0,0,0,0
62,mt_131538815,comp_2954,sn_270305,2021-11-15T19:45:00.000Z,Albania,tm_17513,Andorra,tm_86059,1,0,0.0,0.0,,,,,6,3,4.0,3.0,2.0,0.0,19,9,10.0,6.0,9.0,3.0,4,4,1.0,4.0,3.0,0.0,8,18,,,,,3,4,0.0,1.0,3.0,3.0,1,3,0,1,1,2,75,25,78.0,22.0,72.0,28.0,0,0,0,0,0,0
63,mt_848947784,comp_2954,sn_270305,2021-11-15T19:45:00.000Z,Israel,tm_17398,Faroe Islands,tm_17071,3,2,0.0,0.0,,,,,6,3,2.0,0.0,4.0,3.0,14,7,5.0,1.0,9.0,6.0,10,2,5.0,1.0,5.0,1.0,9,9,,,,,4,2,3.0,2.0,1.0,0.0,1,0,1,0,0,0,62,38,60.0,40.0,65.0,35.0,0,0,0,0,0,0
64,mt_303704435,comp_2954,sn_270305,2021-11-15T19:45:00.000Z,San Marino,tm_53436,England,tm_53273,0,10,0.0,0.0,,,,,1,13,1.0,7.0,0.0,6.0,2,22,1.0,14.0,1.0,8.0,1,4,1.0,3.0,0.0,1.0,11,8,,,,,0,0,,,,,5,1,3,0,2,1,15,85,17.0,83.0,13.0,87.0,1,0,0,0,1,0
65,mt_616410012,comp_2954,sn_270305,2021-11-14T19:45:00.000Z,Greece,tm_17035,Kosovo,tm_6293033,1,1,0.0,0.0,,,,,6,3,3.0,1.0,3.0,2.0,20,8,10.0,3.0,10.0,5.0,5,2,3.0,1.0,2.0,1.0,15,16,,,,,0,1,0.0,0.0,0.0,1.0,0,2,0,1,0,1,70,30,73.0,27.0,68.0,32.0,0,0,0,0,0,0
66,mt_969863303,comp_2954,sn_270305,2021-11-14T19:45:00.000Z,Spain,tm_86522,Sweden,tm_86978,1,0,0.0,0.0,,,,,4,0,0.0,0.0,4.0,0.0,12,8,3.0,2.0,9.0,6.0,5,4,2.0,2.0,3.0,2.0,13,15,,,,,3,1,1.0,0.0,2.0,1.0,1,2,0,0,1,2,72,28,75.0,25.0,70.0,30.0,0,0,0,0,0,0
67,mt_969863494,comp_2954,sn_270305,2021-11-14T19:45:00.000Z,Luxembourg,tm_86430,Ireland,tm_53152,0,3,0.0,0.0,,,,,2,7,1.0,3.0,1.0,4.0,8,17,5.0,10.0,3.0,7.0,2,8,1.0,6.0,1.0,2.0,14,14,,,,,0,2,0.0,1.0,0.0,1.0,4,4,2,0,2,4,44,56,43.0,57.0,46.0,54.0,0,0,0,0,0,0
68,mt_131538710,comp_2954,sn_270305,2021-11-14T19:45:00.000Z,Portugal,tm_09479,Serbia,tm_44175,1,2,0.0,0.0,,,,,3,3,1.0,2.0,2.0,1.0,9,11,5.0,8.0,4.0,3.0,3,10,1.0,3.0,2.0,7.0,8,13,,,,,1,3,0.0,2.0,1.0,1.0,3,4,1,1,2,3,43,57,44.0,56.0,42.0,58.0,0,0,0,0,0,0
69,mt_575179569,comp_2954,sn_270305,2021-11-14T17:00:00.000Z,Armenia,tm_17007,Germany,tm_28696,1,4,0.0,0.0,,,,,1,9,0.0,5.0,1.0,4.0,4,20,1.0,8.0,3.0,12.0,1,8,0.0,5.0,1.0,3.0,9,7,,,,,0,1,0.0,0.0,0.0,1.0,1,2,1,0,0,2,26,74,23.0,77.0,28.0,72.0,0,0,0,0,0,0
70,mt_292091237,comp_2954,sn_270305,2021-11-14T17:00:00.000Z,Liechtenstein,tm_17667,Romania,tm_32068,0,2,0.0,0.0,,,,,1,17,0.0,8.0,1.0,9.0,3,38,1.0,18.0,2.0,20.0,2,15,1.0,8.0,1.0,7.0,12,10,,,,,1,0,0.0,0.0,1.0,0.0,3,0,0,0,3,0,28,72,30.0,70.0,27.0,73.0,0,0,0,0,0,0
71,mt_080285559,comp_2954,sn_270305,2021-11-14T17:00:00.000Z,North Macedonia,tm_32834,Iceland,tm_86544,3,1,0.0,0.0,,,,,7,1,4.0,0.0,3.0,1.0,19,5,12.0,1.0,7.0,4.0,7,3,4.0,3.0,3.0,0.0,9,18,,,,,2,1,1.0,0.0,1.0,1.0,5,5,2,1,3,4,57,43,57.0,43.0,57.0,43.0,0,1,0,0,0,1
72,mt_575179932,comp_2954,sn_270305,2021-11-14T14:00:00.000Z,Malta,tm_53717,Slovakia,tm_32733,0,6,0.0,0.0,,,,,0,16,0.0,5.0,0.0,11.0,1,26,1.0,8.0,0.0,18.0,0,10,0.0,3.0,0.0,7.0,11,6,,,,,0,3,0.0,2.0,0.0,1.0,6,0,2,0,4,0,30,70,33.0,67.0,27.0,73.0,2,0,0,0,2,0
73,mt_292091138,comp_2954,sn_270305,2021-11-14T14:00:00.000Z,Croatia,tm_41754,Russia,tm_09203,1,0,0.0,0.0,,,,,5,0,3.0,0.0,2.0,0.0,19,2,10.0,0.0,9.0,2.0,7,2,3.0,1.0,4.0,1.0,13,9,,,,,1,1,0.0,1.0,1.0,0.0,2,2,0,0,2,2,68,32,69.0,31.0,67.0,33.0,0,0,0,0,0,0
74,mt_727326619,comp_2954,sn_270305,2021-11-14T14:00:00.000Z,Slovenia,tm_09821,Cyprus,tm_94680,2,1,0.0,0.0,,,,,4,2,2.0,0.0,2.0,2.0,16,4,8.0,1.0,8.0,3.0,8,2,5.0,0.0,3.0,2.0,12,10,,,,,1,4,1.0,1.0,0.0,3.0,2,3,2,2,0,1,68,32,72.0,28.0,64.0,36.0,0,0,0,0,0,0
75,mt_303704423,comp_2954,sn_270305,2021-11-13T19:45:00.000Z,France,tm_28952,Kazakhstan,tm_94197,8,0,0.0,0.0,,,,,14,3,4.0,3.0,10.0,0.0,20,5,7.0,5.0,13.0,0.0,6,1,3.0,1.0,3.0,0.0,13,9,,,,,2,0,1.0,0.0,1.0,0.0,1,2,0,0,1,2,66,34,70.0,30.0,61.0,39.0,0,0,0,0,0,0
76,mt_303704471,comp_2954,sn_270305,2021-11-13T19:45:00.000Z,Montenegro,tm_721624,Netherlands,tm_41792,2,2,0.0,0.0,,,,,3,3,1.0,1.0,2.0,2.0,11,9,7.0,3.0,4.0,6.0,5,1,3.0,0.0,2.0,1.0,16,11,,,,,0,2,0.0,2.0,0.0,0.0,2,1,0,1,2,0,26,74,24.0,76.0,28.0,72.0,0,0,0,0,0,0
77,mt_131538846,comp_2954,sn_270305,2021-11-13T19:45:00.000Z,Wales,tm_94101,Belarus,tm_53246,5,1,0.0,0.0,,,,,7,2,3.0,0.0,4.0,2.0,18,6,10.0,3.0,8.0,3.0,5,3,2.0,2.0,3.0,1.0,9,19,,,,,2,2,2.0,0.0,0.0,2.0,1,3,0,1,1,2,67,33,65.0,35.0,69.0,31.0,0,0,0,0,0,0
78,mt_848947729,comp_2954,sn_270305,2021-11-13T19:45:00.000Z,Belgium,tm_32860,Estonia,tm_70906,3,1,0.0,0.0,,,,,10,5,6.0,0.0,4.0,5.0,20,11,13.0,1.0,7.0,10.0,9,3,8.0,0.0,1.0,3.0,6,15,,,,,4,0,2.0,0.0,2.0,0.0,0,1,0,1,0,0,81,19,84.0,16.0,78.0,22.0,0,0,0,0,0,0
79,mt_292091110,comp_2954,sn_270305,2021-11-13T17:00:00.000Z,Türkiye,tm_17049,Gibraltar,tm_0189159,6,0,0.0,0.0,,,,,15,0,6.0,0.0,9.0,0.0,36,2,11.0,1.0,25.0,1.0,14,0,5.0,0.0,9.0,0.0,14,6,,,,,6,0,3.0,0.0,3.0,0.0,1,2,0,1,1,1,78,22,78.0,22.0,78.0,22.0,0,1,0,1,0,0
80,mt_848947796,comp_2954,sn_270305,2021-11-13T17:00:00.000Z,Norway,tm_41500,Latvia,tm_65386,0,0,0.0,0.0,,,,,5,2,1.0,1.0,4.0,1.0,25,6,8.0,5.0,17.0,1.0,9,3,2.0,2.0,7.0,1.0,8,7,,,,,1,2,0.0,1.0,1.0,1.0,2,2,1,0,1,2,72,28,71.0,29.0,73.0,27.0,0,0,0,0,0,0
81,mt_454652200,comp_2954,sn_270305,2021-11-13T14:00:00.000Z,Bosnia & Herzegovina,tm_70240,Finland,tm_94162,1,3,0.0,0.0,,,,,7,5,1.0,3.0,6.0,2.0,28,8,12.0,5.0,16.0,3.0,13,1,8.0,1.0,5.0,0.0,14,11,,,,,0,1,0.0,0.0,0.0,1.0,2,0,1,0,1,0,68,32,62.0,38.0,74.0,26.0,0,1,0,1,0,0
82,mt_848947708,comp_2954,sn_270305,2021-11-12T19:45:00.000Z,Hungary,tm_70924,San Marino,tm_53436,4,0,0.0,0.0,,,,,11,0,4.0,0.0,7.0,0.0,23,1,8.0,1.0,15.0,0.0,12,0,6.0,0.0,6.0,0.0,7,5,,,,,5,0,4.0,0.0,1.0,0.0,0,1,0,0,0,1,79,21,83.0,17.0,74.0,26.0,0,0,0,0,0,0
83,mt_303704407,comp_2954,sn_270305,2021-11-12T19:45:00.000Z,Andorra,tm_86059,Poland,tm_53264,1,4,0.0,0.0,,,,,1,8,1.0,4.0,0.0,4.0,2,18,2.0,8.0,0.0,10.0,0,7,0.0,5.0,0.0,2.0,17,17,,,,,0,1,0.0,0.0,0.0,1.0,3,2,3,1,0,1,21,79,22.0,78.0,20.0,80.0,1,0,1,0,0,0
84,mt_575179965,comp_2954,sn_270305,2021-11-12T19:45:00.000Z,England,tm_53273,Albania,tm_17513,5,0,0.0,0.0,,,,,6,4,6.0,2.0,0.0,2.0,15,5,11.0,2.0,4.0,3.0,4,0,3.0,0.0,1.0,0.0,3,14,,,,,1,3,0.0,1.0,1.0,2.0,0,4,0,3,0,1,64,36,71.0,29.0,58.0,42.0,0,0,0,0,0,0
85,mt_303704456,comp_2954,sn_270305,2021-11-12T19:45:00.000Z,Italy,tm_32805,Switzerland,tm_70912,1,1,0.0,0.0,,,,,4,2,3.0,2.0,1.0,0.0,11,10,6.0,8.0,5.0,2.0,6,1,1.0,1.0,5.0,0.0,8,13,,,,,2,1,1.0,0.0,1.0,1.0,2,3,1,0,1,3,64,36,62.0,38.0,65.0,35.0,0,0,0,0,0,0
86,mt_454652299,comp_2954,sn_270305,2021-11-12T19:45:00.000Z,Northern Ireland,tm_65980,Lithuania,tm_65365,1,0,0.0,0.0,,,,,5,3,4.0,1.0,1.0,2.0,15,7,10.0,1.0,5.0,6.0,7,4,4.0,0.0,3.0,4.0,9,16,,,,,3,1,2.0,1.0,1.0,0.0,0,1,0,0,0,1,65,35,73.0,27.0,56.0,44.0,0,0,0,0,0,0
87,mt_292091827,comp_2954,sn_270305,2021-11-12T19:45:00.000Z,Austria,tm_86533,Israel,tm_17398,4,2,0.0,0.0,,,,,13,3,3.0,1.0,10.0,2.0,25,6,8.0,3.0,17.0,3.0,4,2,1.0,0.0,3.0,2.0,15,13,,,,,5,1,3.0,0.0,2.0,1.0,1,1,0,0,1,1,63,37,56.0,44.0,72.0,28.0,0,0,0,0,0,0
88,mt_848947683,comp_2954,sn_270305,2021-11-12T19:45:00.000Z,Denmark,tm_65124,Faroe Islands,tm_17071,3,1,0.0,0.0,,,,,4,2,1.0,0.0,3.0,2.0,19,3,9.0,0.0,10.0,3.0,2,0,0.0,0.0,2.0,0.0,6,18,,,,,0,1,0.0,1.0,0.0,0.0,1,3,0,0,1,3,68,32,72.0,28.0,63.0,37.0,0,0,0,0,0,0
89,mt_616410024,comp_2954,sn_270305,2021-11-12T17:00:00.000Z,Moldova,tm_94208,Scotland,tm_41641,0,2,0.0,0.0,,,,,3,8,1.0,5.0,2.0,3.0,6,16,3.0,9.0,3.0,7.0,2,8,1.0,5.0,1.0,3.0,14,6,,,,,1,3,1.0,1.0,0.0,2.0,5,1,0,0,5,1,45,55,41.0,59.0,51.0,49.0,0,0,0,0,0,0
90,mt_292091126,comp_2954,sn_270305,2021-11-11T19:45:00.000Z,Germany,tm_28696,Liechtenstein,tm_17667,9,0,0.0,0.0,,,,,23,0,9.0,0.0,14.0,0.0,42,4,17.0,1.0,25.0,3.0,13,0,8.0,0.0,5.0,0.0,5,1,,,,,3,2,0.0,1.0,3.0,1.0,1,0,1,0,0,0,82,18,85.0,15.0,79.0,21.0,0,1,0,1,0,0
91,mt_727326674,comp_2954,sn_270305,2021-11-11T19:45:00.000Z,Romania,tm_32068,Iceland,tm_86544,0,0,0.0,0.0,,,,,7,1,4.0,0.0,3.0,1.0,23,8,12.0,4.0,11.0,4.0,11,6,6.0,3.0,5.0,3.0,6,7,,,,,1,3,0.0,0.0,1.0,3.0,1,1,0,1,1,0,63,37,67.0,33.0,59.0,41.0,0,0,0,0,0,0
92,mt_303704414,comp_2954,sn_270305,2021-11-11T19:45:00.000Z,Slovakia,tm_32733,Slovenia,tm_09821,2,2,0.0,0.0,,,,,6,3,3.0,1.0,3.0,2.0,21,5,8.0,1.0,13.0,4.0,8,3,5.0,0.0,3.0,3.0,17,17,,,,,1,0,0.0,0.0,1.0,0.0,2,3,2,1,0,2,64,36,61.0,39.0,69.0,31.0,0,1,0,0,0,1
93,mt_080285534,comp_2954,sn_270305,2021-11-11T19:45:00.000Z,Ireland,tm_53152,Portugal,tm_09479,0,0,0.0,0.0,,,,,2,3,1.0,1.0,1.0,2.0,12,12,5.0,6.0,7.0,6.0,4,4,4.0,4.0,0.0,0.0,13,12,,,,,2,1,0.0,0.0,2.0,1.0,3,3,1,0,2,3,49,51,41.0,59.0,57.0,43.0,0,1,0,0,0,1
94,mt_848947745,comp_2954,sn_270305,2021-11-11T19:45:00.000Z,Greece,tm_17035,Spain,tm_86522,0,1,0.0,0.0,,,,,1,3,1.0,3.0,0.0,0.0,3,12,1.0,7.0,2.0,5.0,2,5,0.0,2.0,2.0,3.0,9,15,,,,,3,2,2.0,0.0,1.0,2.0,4,2,1,0,3,2,27,73,21.0,79.0,35.0,65.0,0,0,0,0,0,0
95,mt_080285587,comp_2954,sn_270305,2021-11-11T19:45:00.000Z,Malta,tm_53717,Croatia,tm_41754,1,7,0.0,0.0,,,,,0,12,0.0,6.0,0.0,6.0,2,20,1.0,10.0,1.0,10.0,2,4,2.0,2.0,0.0,2.0,7,7,,,,,3,7,2.0,2.0,1.0,5.0,1,0,0,0,1,0,33,67,33.0,67.0,32.0,68.0,0,0,0,0,0,0
96,mt_454652222,comp_2954,sn_270305,2021-11-11T17:00:00.000Z,Armenia,tm_17007,North Macedonia,tm_32834,0,5,0.0,0.0,,,,,1,6,0.0,3.0,1.0,3.0,7,8,3.0,5.0,4.0,3.0,5,3,2.0,3.0,3.0,0.0,12,11,,,,,3,1,1.0,1.0,2.0,0.0,0,1,0,0,0,1,55,45,52.0,48.0,59.0,41.0,0,0,0,0,0,0
97,mt_131538873,comp_2954,sn_270305,2021-11-11T17:00:00.000Z,Azerbaijan,tm_94119,Luxembourg,tm_86430,1,3,0.0,0.0,,,,,2,6,0.0,1.0,2.0,5.0,8,23,3.0,9.0,5.0,14.0,2,3,1.0,1.0,1.0,2.0,15,10,,,,,0,1,0.0,1.0,0.0,0.0,4,1,2,0,2,1,34,66,36.0,64.0,32.0,68.0,1,0,1,0,0,0
98,mt_080285518,comp_2954,sn_270305,2021-11-11T17:00:00.000Z,Georgia,tm_53298,Sweden,tm_86978,2,0,0.0,0.0,,,,,6,8,0.0,6.0,6.0,2.0,10,20,2.0,11.0,8.0,9.0,5,8,1.0,5.0,4.0,3.0,14,10,,,,,2,9,1.0,6.0,1.0,3.0,3,1,0,0,3,1,41,59,43.0,57.0,38.0,62.0,0,0,0,0,0,0
99,mt_575179986,comp_2954,sn_270305,2021-11-11T17:00:00.000Z,Russia,tm_09203,Cyprus,tm_94680,6,0,0.0,0.0,,,,,13,1,4.0,1.0,9.0,0.0,22,7,10.0,4.0,12.0,3.0,3,4,3.0,4.0,0.0,0.0,10,10,,,,,4,0,2.0,0.0,2.0,0.0,0,0,0,0,0,0,61,39,59.0,41.0,63.0,37.0,0,0,0,0,0,0
100,mt_131538889,comp_2954,sn_270305,2021-10-12T18:45:00.000Z,Albania,tm_17513,Poland,tm_53264,0,1,0.0,0.0,,,,,1,2,0.0,1.0,1.0,1.0,6,5,3.0,3.0,3.0,2.0,2,4,2.0,3.0,0.0,1.0,17,24,,,,,0,2,0.0,0.0,0.0,2.0,3,3,1,1,2,2,41,59,42.0,58.0,40.0,60.0,0,0,0,0,0,0
101,mt_616410050,comp_2954,sn_270305,2021-10-12T18:45:00.000Z,Portugal,tm_09479,Luxembourg,tm_86430,5,0,0.0,0.0,,,,,11,2,7.0,0.0,4.0,2.0,21,3,8.0,0.0,13.0,3.0,8,2,4.0,1.0,4.0,1.0,12,13,,,,,1,0,1.0,0.0,0.0,0.0,2,1,1,1,1,0,55,45,57.0,43.0,54.0,46.0,0,0,0,0,0,0
102,mt_080285593,comp_2954,sn_270305,2021-10-12T18:45:00.000Z,Ukraine,tm_28630,Bosnia & Herzegovina,tm_70240,1,1,0.0,0.0,,,,,2,5,2.0,2.0,0.0,3.0,10,14,6.0,6.0,4.0,8.0,3,3,1.0,1.0,2.0,2.0,8,6,,,,,2,2,1.0,1.0,1.0,1.0,0,3,0,2,0,1,55,45,60.0,40.0,50.0,50.0,0,0,0,0,0,0
103,mt_292091185,comp_2954,sn_270305,2021-10-12T18:45:00.000Z,England,tm_53273,Hungary,tm_70924,1,1,0.0,0.0,,,,,5,1,2.0,1.0,3.0,0.0,11,6,3.0,3.0,8.0,3.0,8,2,4.0,0.0,4.0,2.0,8,9,,,,,2,2,0.0,0.0,2.0,2.0,1,1,1,0,0,1,64,36,63.0,37.0,65.0,35.0,0,0,0,0,0,0
104,mt_454652288,comp_2954,sn_270305,2021-10-12T18:45:00.000Z,Lithuania,tm_65365,Switzerland,tm_70912,0,4,0.0,0.0,,,,,0,11,0.0,8.0,0.0,3.0,6,22,3.0,10.0,3.0,12.0,3,8,1.0,4.0,2.0,4.0,4,11,,,,,0,0,,,,,0,0,0,0,0,0,30,70,28.0,72.0,32.0,68.0,0,0,0,0,0,0
105,mt_575179941,comp_2954,sn_270305,2021-10-12T18:45:00.000Z,Denmark,tm_65124,Austria,tm_86533,1,0,0.0,0.0,,,,,4,0,2.0,0.0,2.0,0.0,9,7,6.0,2.0,3.0,5.0,1,1,1.0,1.0,0.0,0.0,10,20,,,,,3,2,1.0,0.0,2.0,2.0,1,2,1,0,0,2,49,51,57.0,43.0,40.0,60.0,0,0,0,0,0,0
106,mt_969863327,comp_2954,sn_270305,2021-10-12T18:45:00.000Z,Kosovo,tm_6293033,Georgia,tm_53298,1,2,0.0,0.0,,,,,4,3,3.0,1.0,1.0,2.0,12,6,5.0,2.0,7.0,4.0,5,2,0.0,1.0,5.0,1.0,9,8,,,,,0,1,0.0,0.0,0.0,1.0,4,5,2,2,2,3,54,46,58.0,42.0,48.0,52.0,0,0,0,0,0,0
107,mt_848947730,comp_2954,sn_270305,2021-10-12T18:45:00.000Z,San Marino,tm_53436,Andorra,tm_86059,0,3,0.0,0.0,,,,,1,9,1.0,5.0,0.0,4.0,5,13,2.0,6.0,3.0,7.0,4,3,1.0,0.0,3.0,3.0,22,13,,,,,0,2,0.0,1.0,0.0,1.0,4,1,1,1,3,0,42,58,41.0,59.0,42.0,58.0,0,0,0,0,0,0
108,mt_292091191,comp_2954,sn_270305,2021-10-12T18:45:00.000Z,Serbia,tm_44175,Azerbaijan,tm_94119,3,1,0.0,0.0,,,,,11,1,4.0,1.0,7.0,0.0,22,6,8.0,2.0,14.0,4.0,7,0,0.0,0.0,7.0,0.0,13,10,,,,,1,2,1.0,2.0,0.0,0.0,0,2,0,1,0,1,57,43,61.0,39.0,53.0,47.0,0,0,0,0,0,0
109,mt_454652255,comp_2954,sn_270305,2021-10-12T18:45:00.000Z,Bulgaria,tm_65328,Northern Ireland,tm_65980,2,1,0.0,0.0,,,,,4,6,0.0,6.0,4.0,0.0,10,15,3.0,9.0,7.0,6.0,10,5,4.0,3.0,6.0,2.0,16,13,,,,,2,3,1.0,3.0,1.0,0.0,1,2,0,0,1,2,46,54,47.0,53.0,45.0,55.0,0,0,0,0,0,0
110,mt_575179359,comp_2954,sn_270305,2021-10-12T18:45:00.000Z,Faroe Islands,tm_17071,Scotland,tm_41641,0,1,0.0,0.0,,,,,3,5,2.0,1.0,1.0,4.0,9,19,7.0,6.0,2.0,13.0,1,7,1.0,3.0,0.0,4.0,15,10,,,,,3,3,2.0,1.0,1.0,2.0,1,3,0,1,1,2,32,68,38.0,62.0,26.0,74.0,0,0,0,0,0,0
111,mt_727326073,comp_2954,sn_270305,2021-10-12T18:45:00.000Z,Israel,tm_17398,Moldova,tm_94208,2,1,0.0,0.0,,,,,4,6,2.0,3.0,2.0,3.0,9,11,4.0,5.0,5.0,6.0,3,4,1.0,2.0,2.0,2.0,11,17,,,,,1,2,1.0,1.0,0.0,1.0,0,4,0,1,0,3,55,45,60.0,40.0,50.0,50.0,0,1,0,0,0,1
112,mt_969863432,comp_2954,sn_270305,2021-10-12T18:45:00.000Z,Sweden,tm_86978,Greece,tm_17035,2,0,0.0,0.0,,,,,4,3,1.0,3.0,3.0,0.0,7,10,1.0,8.0,6.0,2.0,5,4,0.0,3.0,5.0,1.0,13,15,,,,,0,5,0.0,3.0,0.0,2.0,2,4,0,0,2,4,42,58,46.0,54.0,37.0,63.0,0,1,0,0,0,1
113,mt_131538851,comp_2954,sn_270305,2021-10-12T14:00:00.000Z,Kazakhstan,tm_94197,Finland,tm_94162,0,2,0.0,0.0,,,,,1,8,0.0,2.0,1.0,6.0,7,20,2.0,7.0,5.0,13.0,0,5,0.0,3.0,0.0,2.0,12,4,,,,,0,1,0.0,1.0,0.0,0.0,3,1,2,1,1,0,38,62,36.0,64.0,40.0,60.0,0,0,0,0,0,0
114,mt_727326697,comp_2954,sn_270305,2021-10-11T18:45:00.000Z,Latvia,tm_65386,Türkiye,tm_17049,1,2,0.0,0.0,,,,,2,9,1.0,3.0,1.0,6.0,6,23,3.0,8.0,3.0,15.0,7,9,7.0,5.0,0.0,4.0,18,13,,,,,0,0,,,,,4,2,1,0,3,2,32,68,33.0,67.0,31.0,69.0,0,0,0,0,0,0
115,mt_303704482,comp_2954,sn_270305,2021-10-11T18:45:00.000Z,Romania,tm_32068,Armenia,tm_17007,1,0,0.0,0.0,,,,,5,1,3.0,0.0,2.0,1.0,15,6,9.0,1.0,6.0,5.0,8,2,7.0,0.0,1.0,2.0,9,21,,,,,1,3,1.0,1.0,0.0,2.0,2,5,0,1,2,4,59,41,76.0,24.0,41.0,59.0,0,0,0,0,0,0
116,mt_616410039,comp_2954,sn_270305,2021-10-11T18:45:00.000Z,Norway,tm_41500,Montenegro,tm_721624,2,0,0.0,0.0,,,,,5,0,3.0,0.0,2.0,0.0,11,9,7.0,3.0,4.0,6.0,3,4,3.0,0.0,0.0,4.0,11,9,,,,,2,3,1.0,2.0,1.0,1.0,2,6,0,0,2,6,51,49,58.0,42.0,42.0,58.0,0,1,0,0,0,1
117,mt_969863316,comp_2954,sn_270305,2021-10-11T18:45:00.000Z,Netherlands,tm_41792,Gibraltar,tm_0189159,6,0,0.0,0.0,,,,,12,0,6.0,0.0,6.0,0.0,32,1,18.0,1.0,14.0,0.0,16,0,10.0,0.0,6.0,0.0,8,2,,,,,7,3,5.0,1.0,2.0,2.0,0,1,0,1,0,0,83,17,87.0,13.0,79.0,21.0,0,0,0,0,0,0
118,mt_292091163,comp_2954,sn_270305,2021-10-11T18:45:00.000Z,Iceland,tm_86544,Liechtenstein,tm_17667,4,0,0.0,0.0,,,,,10,0,5.0,0.0,5.0,0.0,21,1,9.0,1.0,12.0,0.0,5,0,2.0,0.0,3.0,0.0,19,11,,,,,1,2,0.0,1.0,1.0,1.0,0,3,0,1,0,2,72,28,77.0,23.0,66.0,34.0,0,1,0,0,0,1
119,mt_616410043,comp_2954,sn_270305,2021-10-11T18:45:00.000Z,North Macedonia,tm_32834,Germany,tm_28696,0,4,0.0,0.0,,,,,1,10,1.0,5.0,0.0,5.0,7,24,4.0,15.0,3.0,9.0,2,7,2.0,6.0,0.0,1.0,13,8,,,,,2,1,2.0,0.0,0.0,1.0,1,1,0,0,1,1,26,74,24.0,76.0,28.0,72.0,0,0,0,0,0,0
120,mt_727326640,comp_2954,sn_270305,2021-10-11T18:45:00.000Z,Croatia,tm_41754,Slovakia,tm_32733,2,2,0.0,0.0,,,,,10,2,6.0,2.0,4.0,0.0,21,6,9.0,5.0,12.0,1.0,10,3,5.0,2.0,5.0,1.0,12,16,,,,,4,2,2.0,1.0,2.0,1.0,1,4,0,0,1,4,68,32,68.0,32.0,68.0,32.0,0,0,0,0,0,0
121,mt_131538837,comp_2954,sn_270305,2021-10-11T18:45:00.000Z,Slovenia,tm_09821,Russia,tm_09203,1,2,0.0,0.0,,,,,5,6,4.0,5.0,1.0,1.0,15,11,7.0,8.0,8.0,3.0,1,8,1.0,2.0,0.0,6.0,16,24,,,,,2,2,1.0,2.0,1.0,0.0,6,1,2,1,4,0,54,46,50.0,50.0,58.0,42.0,0,0,0,0,0,0
122,mt_616410081,comp_2954,sn_270305,2021-10-11T18:45:00.000Z,Belarus,tm_53246,Czechia,tm_09485,0,2,0.0,0.0,,,,,0,6,0.0,3.0,0.0,3.0,6,16,4.0,6.0,2.0,10.0,1,7,0.0,3.0,1.0,4.0,12,16,,,,,1,1,1.0,0.0,0.0,1.0,3,2,2,0,1,2,42,58,37.0,63.0,46.0,54.0,0,0,0,0,0,0
123,mt_616410568,comp_2954,sn_270305,2021-10-11T18:45:00.000Z,Estonia,tm_70906,Wales,tm_94101,0,1,0.0,0.0,,,,,4,5,2.0,4.0,2.0,1.0,9,14,5.0,9.0,4.0,5.0,2,4,1.0,3.0,1.0,1.0,14,13,,,,,2,0,1.0,0.0,1.0,0.0,3,4,2,1,1,3,43,57,30.0,70.0,60.0,40.0,0,0,0,0,0,0
124,mt_727326625,comp_2954,sn_270305,2021-10-11T16:00:00.000Z,Cyprus,tm_94680,Malta,tm_53717,2,2,0.0,0.0,,,,,5,3,1.0,1.0,4.0,2.0,13,10,5.0,2.0,8.0,8.0,1,4,0.0,0.0,1.0,4.0,14,12,,,,,2,3,2.0,3.0,0.0,0.0,3,2,0,0,3,2,47,53,45.0,55.0,49.0,51.0,0,0,0,0,0,0
125,mt_969863331,comp_2954,sn_270305,2021-10-09T18:45:00.000Z,Luxembourg,tm_86430,Serbia,tm_44175,0,1,0.0,0.0,,,,,1,4,0.0,2.0,1.0,2.0,11,11,6.0,6.0,5.0,5.0,7,7,4.0,5.0,3.0,2.0,18,14,,,,,1,4,0.0,0.0,1.0,4.0,2,2,2,2,0,0,52,48,48.0,52.0,55.0,45.0,0,0,0,0,0,0
126,mt_616410095,comp_2954,sn_270305,2021-10-09T18:45:00.000Z,Faroe Islands,tm_17071,Austria,tm_86533,0,2,0.0,0.0,,,,,3,8,3.0,3.0,0.0,5.0,6,24,5.0,11.0,1.0,13.0,5,8,2.0,1.0,3.0,7.0,15,5,,,,,2,2,1.0,2.0,1.0,0.0,3,1,3,1,0,0,33,67,32.0,68.0,35.0,65.0,0,0,0,0,0,0
127,mt_727326636,comp_2954,sn_270305,2021-10-09T18:45:00.000Z,Poland,tm_53264,San Marino,tm_53436,5,0,0.0,0.0,,,,,12,1,6.0,0.0,6.0,1.0,31,2,17.0,1.0,14.0,1.0,15,0,6.0,0.0,9.0,0.0,8,10,,,,,0,0,,,,,1,1,1,0,0,1,83,17,82.0,18.0,84.0,16.0,0,0,0,0,0,0
128,mt_292091152,comp_2954,sn_270305,2021-10-09T18:45:00.000Z,Andorra,tm_86059,England,tm_53273,0,5,0.0,0.0,,,,,0,8,0.0,3.0,0.0,5.0,1,17,0.0,9.0,1.0,8.0,2,7,0.0,7.0,2.0,0.0,20,9,,,,,3,7,0.0,1.0,3.0,6.0,2,3,1,2,1,1,14,86,12.0,88.0,17.0,83.0,0,0,0,0,0,0
129,mt_303704468,comp_2954,sn_270305,2021-10-09T18:45:00.000Z,Hungary,tm_70924,Albania,tm_17513,0,1,0.0,0.0,,,,,2,3,0.0,0.0,2.0,3.0,7,9,1.0,3.0,6.0,6.0,1,2,1.0,1.0,0.0,1.0,12,15,,,,,1,2,1.0,2.0,0.0,0.0,2,4,1,1,1,3,64,36,61.0,39.0,66.0,34.0,0,0,0,0,0,0
130,mt_969863369,comp_2954,sn_270305,2021-10-09T18:45:00.000Z,Switzerland,tm_70912,Northern Ireland,tm_65980,2,0,0.0,0.0,,,,,8,1,3.0,1.0,5.0,0.0,27,2,11.0,1.0,16.0,1.0,10,1,4.0,1.0,6.0,0.0,11,11,,,,,3,0,1.0,0.0,2.0,0.0,1,4,0,2,1,2,72,28,68.0,32.0,78.0,22.0,0,1,0,1,0,0
131,mt_303704230,comp_2954,sn_270305,2021-10-09T18:45:00.000Z,Moldova,tm_94208,Denmark,tm_65124,0,4,0.0,0.0,,,,,0,10,0.0,7.0,0.0,3.0,0,21,0.0,11.0,0.0,10.0,1,8,1.0,4.0,0.0,4.0,21,11,,,,,1,3,0.0,2.0,1.0,1.0,3,0,1,0,2,0,31,69,23.0,77.0,37.0,63.0,0,0,0,0,0,0
132,mt_727326601,comp_2954,sn_270305,2021-10-09T16:00:00.000Z,Sweden,tm_86978,Kosovo,tm_6293033,3,0,0.0,0.0,,,,,10,3,3.0,1.0,7.0,2.0,20,12,8.0,3.0,12.0,9.0,8,3,2.0,0.0,6.0,3.0,17,14,,,,,1,3,1.0,2.0,0.0,1.0,3,4,2,3,1,1,55,45,63.0,37.0,47.0,53.0,0,0,0,0,0,0
133,mt_292091179,comp_2954,sn_270305,2021-10-09T16:00:00.000Z,Georgia,tm_53298,Greece,tm_17035,0,2,0.0,0.0,,,,,2,8,1.0,4.0,1.0,4.0,3,16,1.0,9.0,2.0,7.0,3,6,0.0,6.0,3.0,0.0,17,8,,,,,1,1,1.0,1.0,0.0,0.0,3,4,0,1,3,3,45,55,51.0,49.0,39.0,61.0,0,0,0,0,0,0
134,mt_454652277,comp_2954,sn_270305,2021-10-09T16:00:00.000Z,Azerbaijan,tm_94119,Ireland,tm_53152,0,3,0.0,0.0,,,,,5,8,2.0,2.0,3.0,6.0,15,18,10.0,4.0,5.0,14.0,8,4,3.0,0.0,5.0,4.0,11,7,,,,,1,0,0.0,0.0,1.0,0.0,0,1,0,0,0,1,64,36,63.0,37.0,65.0,35.0,0,0,0,0,0,0
135,mt_080285900,comp_2954,sn_270305,2021-10-09T16:00:00.000Z,Scotland,tm_41641,Israel,tm_17398,3,2,0.0,0.0,,,,,9,3,5.0,2.0,4.0,1.0,17,6,5.0,5.0,12.0,1.0,10,1,2.0,1.0,8.0,0.0,13,15,,,,,0,3,0.0,2.0,0.0,1.0,4,3,0,1,4,2,55,45,54.0,46.0,56.0,44.0,0,0,0,0,0,0
136,mt_131538785,comp_2954,sn_270305,2021-10-09T16:00:00.000Z,Finland,tm_94162,Ukraine,tm_28630,1,2,0.0,0.0,,,,,5,5,3.0,2.0,2.0,3.0,11,16,4.0,9.0,7.0,7.0,3,2,2.0,2.0,1.0,0.0,13,12,,,,,1,0,0.0,0.0,1.0,0.0,0,1,0,1,0,0,55,45,48.0,52.0,61.0,39.0,0,0,0,0,0,0
137,mt_575179393,comp_2954,sn_270305,2021-10-09T13:00:00.000Z,Kazakhstan,tm_94197,Bosnia & Herzegovina,tm_70240,0,2,0.0,0.0,,,,,1,6,0.0,2.0,1.0,4.0,6,19,1.0,8.0,5.0,11.0,1,7,0.0,4.0,1.0,3.0,7,4,,,,,5,0,1.0,0.0,4.0,0.0,2,1,2,0,0,1,45,55,34.0,66.0,58.0,42.0,0,0,0,0,0,0
138,mt_292091816,comp_2954,sn_270305,2021-10-09T13:00:00.000Z,Lithuania,tm_65365,Bulgaria,tm_65328,3,1,0.0,0.0,,,,,5,4,1.0,2.0,4.0,2.0,15,15,5.0,8.0,10.0,7.0,2,2,0.0,2.0,2.0,0.0,19,12,,,,,3,1,0.0,0.0,3.0,1.0,4,3,1,1,3,2,45,55,45.0,55.0,45.0,55.0,0,0,0,0,0,0
139,mt_727326662,comp_2954,sn_270305,2021-10-08T18:45:00.000Z,Gibraltar,tm_0189159,Montenegro,tm_721624,0,3,0.0,0.0,,,,,0,5,0.0,3.0,0.0,2.0,1,16,1.0,11.0,0.0,5.0,1,6,0.0,2.0,1.0,4.0,9,12,,,,,2,1,0.0,0.0,2.0,1.0,1,2,1,1,0,1,34,66,31.0,69.0,38.0,62.0,0,0,0,0,0,0
140,mt_848947772,comp_2954,sn_270305,2021-10-08T18:45:00.000Z,Latvia,tm_65386,Netherlands,tm_41792,0,1,0.0,0.0,,,,,1,4,0.0,3.0,1.0,1.0,10,19,4.0,9.0,6.0,10.0,4,7,1.0,5.0,3.0,2.0,13,9,,,,,1,0,0.0,0.0,1.0,0.0,0,0,0,0,0,0,22,78,20.0,80.0,24.0,76.0,0,0,0,0,0,0
141,mt_454652211,comp_2954,sn_270305,2021-10-08T18:45:00.000Z,Cyprus,tm_94680,Croatia,tm_41754,0,3,0.0,0.0,,,,,1,11,0.0,5.0,1.0,6.0,7,27,3.0,14.0,4.0,13.0,2,7,1.0,4.0,1.0,3.0,11,7,,,,,6,4,3.0,3.0,3.0,1.0,2,2,2,1,0,1,26,74,22.0,78.0,29.0,71.0,0,0,0,0,0,0
142,mt_969863348,comp_2954,sn_270305,2021-10-08T18:45:00.000Z,Malta,tm_53717,Slovenia,tm_09821,0,4,0.0,0.0,,,,,1,5,1.0,2.0,0.0,3.0,5,20,3.0,10.0,2.0,10.0,3,4,1.0,2.0,2.0,2.0,7,9,,,,,2,3,1.0,2.0,1.0,1.0,2,0,0,0,2,0,45,55,53.0,47.0,37.0,63.0,0,0,0,0,0,0
143,mt_131538864,comp_2954,sn_270305,2021-10-08T18:45:00.000Z,Germany,tm_28696,Romania,tm_32068,2,1,0.0,0.0,,,,,6,1,3.0,1.0,3.0,0.0,22,9,8.0,5.0,14.0,4.0,4,3,1.0,2.0,3.0,1.0,6,10,,,,,1,1,0.0,1.0,1.0,0.0,1,3,0,1,1,2,77,23,80.0,20.0,75.0,25.0,0,0,0,0,0,0
144,mt_848947757,comp_2954,sn_270305,2021-10-08T18:45:00.000Z,Türkiye,tm_17049,Norway,tm_41500,1,1,0.0,0.0,,,,,2,2,1.0,2.0,1.0,0.0,10,13,2.0,9.0,8.0,4.0,3,5,1.0,4.0,2.0,1.0,7,8,,,,,3,3,1.0,1.0,2.0,2.0,3,2,0,0,3,2,53,47,49.0,51.0,57.0,43.0,0,0,0,0,0,0
145,mt_080285542,comp_2954,sn_270305,2021-10-08T18:45:00.000Z,Liechtenstein,tm_17667,North Macedonia,tm_32834,0,4,0.0,0.0,,,,,0,12,0.0,4.0,0.0,8.0,2,26,1.0,13.0,1.0,13.0,0,5,0.0,2.0,0.0,3.0,6,5,,,,,0,1,0.0,1.0,0.0,0.0,2,1,0,1,2,0,21,79,20.0,80.0,22.0,78.0,0,0,0,0,0,0
146,mt_575179928,comp_2954,sn_270305,2021-10-08T18:45:00.000Z,Iceland,tm_86544,Armenia,tm_17007,1,1,0.0,0.0,,,,,2,1,0.0,1.0,2.0,0.0,12,11,8.0,4.0,4.0,7.0,4,10,2.0,9.0,2.0,1.0,17,13,,,,,2,3,0.0,1.0,2.0,2.0,3,1,0,0,3,1,53,47,52.0,48.0,54.0,46.0,0,0,0,0,0,0
147,mt_131538898,comp_2954,sn_270305,2021-10-08T18:45:00.000Z,Russia,tm_09203,Slovakia,tm_32733,1,0,0.0,0.0,,,,,1,5,1.0,2.0,0.0,3.0,10,27,6.0,13.0,4.0,14.0,6,14,5.0,7.0,1.0,7.0,12,9,,,,,1,0,0.0,0.0,1.0,0.0,1,2,0,0,1,2,26,74,27.0,73.0,25.0,75.0,0,0,0,0,0,0
148,mt_454652124,comp_2954,sn_270305,2021-10-08T18:45:00.000Z,Estonia,tm_70906,Belarus,tm_53246,2,0,0.0,0.0,,,,,3,2,1.0,1.0,2.0,1.0,13,7,8.0,2.0,5.0,5.0,14,3,12.0,2.0,2.0,1.0,13,8,,,,,0,1,0.0,1.0,0.0,0.0,3,1,0,0,3,1,58,42,66.0,34.0,49.0,51.0,0,0,0,0,0,0
149,mt_080285955,comp_2954,sn_270305,2021-10-08T18:45:00.000Z,Czechia,tm_09485,Wales,tm_94101,2,2,0.0,0.0,,,,,3,5,3.0,2.0,0.0,3.0,12,16,5.0,4.0,7.0,12.0,4,5,3.0,3.0,1.0,2.0,11,14,,,,,0,2,0.0,1.0,0.0,1.0,2,3,1,2,1,1,51,49,60.0,40.0,40.0,60.0,0,0,0,0,0,0
150,mt_616410556,comp_2954,sn_270305,2021-09-08T18:45:00.000Z,North Macedonia,tm_32834,Romania,tm_32068,0,0,0.0,0.0,,,,,6,2,3.0,1.0,3.0,1.0,14,7,6.0,4.0,8.0,3.0,2,2,2.0,2.0,0.0,0.0,14,11,,,,,3,3,1.0,1.0,2.0,2.0,3,1,1,0,2,1,58,42,62.0,38.0,54.0,46.0,0,0,0,0,0,0
151,mt_080285999,comp_2954,sn_270305,2021-09-08T18:45:00.000Z,Poland,tm_53264,England,tm_53273,1,1,0.0,0.0,,,,,4,2,2.0,0.0,2.0,2.0,11,13,5.0,5.0,6.0,8.0,1,3,1.0,2.0,0.0,1.0,16,8,,,,,2,3,1.0,1.0,1.0,2.0,5,2,1,2,4,0,37,63,36.0,64.0,38.0,62.0,0,0,0,0,0,0
152,mt_292091880,comp_2954,sn_270305,2021-09-08T18:45:00.000Z,Albania,tm_17513,San Marino,tm_53436,5,0,0.0,0.0,,,,,10,0,3.0,0.0,7.0,0.0,25,0,10.0,0.0,15.0,0.0,12,0,5.0,0.0,7.0,0.0,10,4,,,,,6,1,3.0,1.0,3.0,0.0,1,1,0,1,1,0,72,28,72.0,28.0,71.0,29.0,0,0,0,0,0,0
153,mt_131538779,comp_2954,sn_270305,2021-09-08T18:45:00.000Z,Hungary,tm_70924,Andorra,tm_86059,2,1,0.0,0.0,,,,,5,2,3.0,0.0,2.0,2.0,14,6,5.0,2.0,9.0,4.0,8,0,5.0,0.0,3.0,0.0,8,20,,,,,3,1,1.0,0.0,2.0,1.0,3,4,1,2,2,2,83,17,87.0,13.0,79.0,21.0,0,0,0,0,0,0
154,mt_131538763,comp_2954,sn_270305,2021-09-08T18:45:00.000Z,Northern Ireland,tm_65980,Switzerland,tm_70912,0,0,0.0,0.0,,,,,0,3,0.0,1.0,0.0,2.0,4,8,2.0,2.0,2.0,6.0,1,4,0.0,2.0,1.0,2.0,11,11,,,,,1,1,0.0,1.0,1.0,0.0,3,2,1,1,2,1,25,75,23.0,77.0,27.0,73.0,0,0,0,0,0,0
155,mt_080285922,comp_2954,sn_270305,2021-09-08T18:45:00.000Z,Greece,tm_17035,Sweden,tm_86978,2,1,0.0,0.0,,,,,5,5,2.0,2.0,3.0,3.0,15,17,4.0,6.0,11.0,11.0,8,9,5.0,4.0,3.0,5.0,12,11,,,,,1,0,1.0,0.0,0.0,0.0,2,4,2,0,0,4,49,51,56.0,44.0,41.0,59.0,0,0,0,0,0,0
156,mt_969863486,comp_2954,sn_270305,2021-09-08T18:45:00.000Z,Kosovo,tm_6293033,Spain,tm_86522,0,2,0.0,0.0,,,,,3,4,1.0,2.0,2.0,2.0,7,19,3.0,9.0,4.0,10.0,2,6,1.0,3.0,1.0,3.0,15,12,,,,,5,0,3.0,0.0,2.0,0.0,0,0,0,0,0,0,27,73,27.0,73.0,26.0,74.0,0,0,0,0,0,0
157,mt_575179387,comp_2954,sn_270305,2021-09-08T18:45:00.000Z,Italy,tm_32805,Lithuania,tm_65365,5,0,0.0,0.0,,,,,5,1,3.0,1.0,2.0,0.0,21,6,8.0,5.0,13.0,1.0,2,2,1.0,2.0,1.0,0.0,9,12,,,,,2,0,0.0,0.0,2.0,0.0,0,1,0,0,0,1,72,28,72.0,28.0,72.0,28.0,0,0,0,0,0,0
158,mt_454652150,comp_2954,sn_270305,2021-09-08T18:45:00.000Z,Belarus,tm_53246,Belgium,tm_32860,0,1,0.0,0.0,,,,,2,5,2.0,3.0,0.0,2.0,4,12,3.0,8.0,1.0,4.0,1,4,1.0,4.0,0.0,0.0,13,7,,,,,1,5,0.0,2.0,1.0,3.0,4,1,0,0,4,1,25,75,20.0,80.0,30.0,70.0,0,0,0,0,0,0
159,mt_969863293,comp_2954,sn_270305,2021-09-08T18:45:00.000Z,Iceland,tm_86544,Germany,tm_28696,0,4,0.0,0.0,,,,,2,8,2.0,4.0,0.0,4.0,4,19,2.0,9.0,2.0,10.0,0,8,0.0,4.0,0.0,4.0,13,8,,,,,2,5,1.0,1.0,1.0,4.0,2,0,1,0,1,0,29,71,30.0,70.0,28.0,72.0,0,0,0,0,0,0
160,mt_080285350,comp_2954,sn_270305,2021-09-08T18:45:00.000Z,Wales,tm_94101,Estonia,tm_70906,0,0,0.0,0.0,,,,,6,2,0.0,0.0,6.0,2.0,20,3,6.0,1.0,14.0,2.0,6,3,2.0,2.0,4.0,1.0,8,19,,,,,1,0,0.0,0.0,1.0,0.0,1,2,0,1,1,1,66,34,62.0,38.0,70.0,30.0,0,0,0,0,0,0
161,mt_969863234,comp_2954,sn_270305,2021-09-08T16:00:00.000Z,Armenia,tm_17007,Liechtenstein,tm_17667,1,1,0.0,0.0,,,,,10,3,7.0,1.0,3.0,2.0,28,3,18.0,1.0,10.0,2.0,9,2,6.0,2.0,3.0,0.0,6,9,,,,,3,0,1.0,0.0,2.0,0.0,0,3,0,1,0,2,78,22,80.0,20.0,77.0,23.0,0,0,0,0,0,0
162,mt_303704245,comp_2954,sn_270305,2021-09-07T18:45:00.000Z,Ireland,tm_53152,Serbia,tm_44175,1,1,0.0,0.0,,,,,2,10,1.0,6.0,1.0,4.0,7,18,3.0,8.0,4.0,10.0,4,8,0.0,5.0,4.0,3.0,11,11,,,,,3,2,1.0,0.0,2.0,2.0,3,2,1,1,2,1,42,58,37.0,63.0,48.0,52.0,0,0,0,0,0,0
163,mt_454652112,comp_2954,sn_270305,2021-09-07T18:45:00.000Z,Croatia,tm_41754,Slovenia,tm_09821,3,0,0.0,0.0,,,,,10,2,7.0,1.0,3.0,1.0,22,6,11.0,5.0,11.0,1.0,8,3,5.0,1.0,3.0,2.0,13,10,,,,,4,1,3.0,1.0,1.0,0.0,0,1,0,0,0,1,64,36,65.0,35.0,62.0,38.0,0,0,0,0,0,0
164,mt_292091875,comp_2954,sn_270305,2021-09-07T18:45:00.000Z,Russia,tm_09203,Malta,tm_53717,2,0,0.0,0.0,,,,,7,3,2.0,0.0,5.0,3.0,20,9,4.0,5.0,16.0,4.0,12,1,3.0,0.0,9.0,1.0,13,6,,,,,3,0,2.0,0.0,1.0,0.0,1,2,0,0,1,2,53,47,55.0,45.0,51.0,49.0,0,0,0,0,0,0
165,mt_303704284,comp_2954,sn_270305,2021-09-07T18:45:00.000Z,Slovakia,tm_32733,Cyprus,tm_94680,2,0,0.0,0.0,,,,,7,0,2.0,0.0,5.0,0.0,24,9,9.0,3.0,15.0,6.0,7,3,5.0,1.0,2.0,2.0,12,9,,,,,1,0,1.0,0.0,0.0,0.0,1,2,0,1,1,1,64,36,68.0,32.0,60.0,40.0,0,0,0,0,0,0
166,mt_616410535,comp_2954,sn_270305,2021-09-07T18:45:00.000Z,Austria,tm_86533,Scotland,tm_41641,0,1,0.0,0.0,,,,,3,3,0.0,2.0,3.0,1.0,17,8,9.0,3.0,8.0,5.0,5,3,2.0,0.0,3.0,3.0,16,7,,,,,4,2,2.0,2.0,2.0,0.0,2,2,1,1,1,1,65,35,62.0,38.0,69.0,31.0,0,0,0,0,0,0
167,mt_080285944,comp_2954,sn_270305,2021-09-07T18:45:00.000Z,Faroe Islands,tm_17071,Moldova,tm_94208,2,1,0.0,0.0,,,,,4,5,0.0,3.0,4.0,2.0,10,13,2.0,7.0,8.0,6.0,3,3,1.0,3.0,2.0,0.0,8,7,,,,,3,3,2.0,1.0,1.0,2.0,0,2,0,0,0,2,57,43,58.0,42.0,55.0,45.0,0,0,0,0,0,0
168,mt_969863417,comp_2954,sn_270305,2021-09-07T18:45:00.000Z,Denmark,tm_65124,Israel,tm_17398,5,0,0.0,0.0,,,,,10,0,5.0,0.0,5.0,0.0,15,3,8.0,1.0,7.0,2.0,4,1,3.0,0.0,1.0,1.0,7,13,,,,,2,2,0.0,1.0,2.0,1.0,2,4,1,2,1,2,62,38,63.0,37.0,61.0,39.0,0,0,0,0,0,0
169,mt_616410582,comp_2954,sn_270305,2021-09-07T18:45:00.000Z,Bosnia & Herzegovina,tm_70240,Kazakhstan,tm_94197,2,2,0.0,0.0,,,,,5,3,2.0,0.0,3.0,3.0,24,6,16.0,1.0,8.0,5.0,6,4,2.0,0.0,4.0,4.0,13,9,,,,,2,3,2.0,0.0,0.0,3.0,2,3,1,0,1,3,60,40,60.0,40.0,60.0,40.0,0,0,0,0,0,0
170,mt_292091728,comp_2954,sn_270305,2021-09-07T18:45:00.000Z,France,tm_28952,Finland,tm_94162,2,0,0.0,0.0,,,,,6,1,3.0,1.0,3.0,0.0,20,3,11.0,2.0,9.0,1.0,9,4,8.0,2.0,1.0,2.0,7,10,,,,,0,1,0.0,1.0,0.0,0.0,0,3,0,1,0,2,64,36,61.0,39.0,67.0,33.0,0,0,0,0,0,0
171,mt_616410961,comp_2954,sn_270305,2021-09-07T18:45:00.000Z,Norway,tm_41500,Gibraltar,tm_0189159,5,1,0.0,0.0,,,,,14,2,7.0,1.0,7.0,1.0,43,5,16.0,2.0,27.0,3.0,12,1,3.0,1.0,9.0,0.0,5,6,,,,,2,0,1.0,0.0,1.0,0.0,1,1,1,1,0,0,74,26,73.0,27.0,75.0,25.0,0,0,0,0,0,0
172,mt_454652849,comp_2954,sn_270305,2021-09-07T18:45:00.000Z,Netherlands,tm_41792,Türkiye,tm_17049,6,1,0.0,0.0,,,,,12,2,4.0,1.0,8.0,1.0,29,10,11.0,2.0,18.0,8.0,3,0,1.0,0.0,2.0,0.0,12,7,,,,,1,2,1.0,0.0,0.0,2.0,2,5,1,4,1,1,67,33,67.0,33.0,67.0,33.0,0,1,0,1,0,0
173,mt_727326563,comp_2954,sn_270305,2021-09-07T18:45:00.000Z,Montenegro,tm_721624,Latvia,tm_65386,0,0,0.0,0.0,,,,,6,3,3.0,2.0,3.0,1.0,21,8,12.0,4.0,9.0,4.0,12,2,4.0,1.0,8.0,1.0,16,17,,,,,1,1,1.0,0.0,0.0,1.0,2,2,1,2,1,0,61,39,61.0,39.0,61.0,39.0,0,0,0,0,0,0
174,mt_292091717,comp_2954,sn_270305,2021-09-07T16:00:00.000Z,Azerbaijan,tm_94119,Portugal,tm_09479,0,3,0.0,0.0,,,,,0,7,0.0,2.0,0.0,5.0,4,21,2.0,7.0,2.0,14.0,2,4,1.0,0.0,1.0,4.0,13,16,,,,,2,2,1.0,2.0,1.0,0.0,3,2,1,1,2,1,33,67,37.0,63.0,29.0,71.0,0,0,0,0,0,0
175,mt_727326064,comp_2954,sn_270305,2021-09-05T18:45:00.000Z,San Marino,tm_53436,Poland,tm_53264,1,7,0.0,0.0,,,,,3,11,0.0,5.0,3.0,6.0,7,24,1.0,11.0,6.0,13.0,3,13,2.0,7.0,1.0,6.0,14,12,,,,,1,2,0.0,1.0,1.0,1.0,4,0,3,0,1,0,24,76,25.0,75.0,21.0,79.0,0,0,0,0,0,0
176,mt_131538704,comp_2954,sn_270305,2021-09-05T18:45:00.000Z,Kosovo,tm_6293033,Greece,tm_17035,1,1,0.0,0.0,,,,,1,2,0.0,2.0,1.0,0.0,10,4,3.0,2.0,7.0,2.0,6,3,4.0,2.0,2.0,1.0,15,9,,,,,2,0,0.0,0.0,2.0,0.0,3,2,1,1,2,1,59,41,56.0,44.0,62.0,38.0,0,0,0,0,0,0
177,mt_848947697,comp_2954,sn_270305,2021-09-05T18:45:00.000Z,Switzerland,tm_70912,Italy,tm_32805,0,0,0.0,0.0,,,,,2,7,0.0,4.0,2.0,3.0,8,10,1.0,6.0,7.0,4.0,8,2,2.0,0.0,6.0,2.0,16,7,,,,,0,5,0.0,3.0,0.0,2.0,4,1,1,1,3,0,48,52,42.0,58.0,54.0,46.0,0,0,0,0,0,0
178,mt_292091803,comp_2954,sn_270305,2021-09-05T18:45:00.000Z,Spain,tm_86522,Georgia,tm_53298,4,0,0.0,0.0,,,,,8,3,6.0,0.0,2.0,3.0,14,5,11.0,0.0,3.0,5.0,2,2,1.0,0.0,1.0,2.0,10,4,,,,,3,1,1.0,1.0,2.0,0.0,0,2,0,0,0,2,75,25,80.0,20.0,70.0,30.0,0,0,0,0,0,0
179,mt_454652106,comp_2954,sn_270305,2021-09-05T18:45:00.000Z,Romania,tm_32068,Liechtenstein,tm_17667,2,0,0.0,0.0,,,,,7,1,5.0,1.0,2.0,0.0,27,3,15.0,1.0,12.0,2.0,16,1,9.0,1.0,7.0,0.0,8,6,,,,,3,3,1.0,1.0,2.0,2.0,0,1,0,0,0,1,72,28,71.0,29.0,72.0,28.0,0,0,0,0,0,0
180,mt_080285988,comp_2954,sn_270305,2021-09-05T18:45:00.000Z,Germany,tm_28696,Armenia,tm_17007,6,0,0.0,0.0,,,,,12,1,7.0,1.0,5.0,0.0,23,3,12.0,2.0,11.0,1.0,6,0,2.0,0.0,4.0,0.0,7,6,,,,,4,1,3.0,0.0,1.0,1.0,0,1,0,0,0,1,76,24,76.0,24.0,77.0,23.0,0,0,0,0,0,0
181,mt_080285977,comp_2954,sn_270305,2021-09-05T18:45:00.000Z,Belgium,tm_32860,Czechia,tm_09485,3,0,0.0,0.0,,,,,6,4,3.0,1.0,3.0,3.0,16,12,10.0,3.0,6.0,9.0,4,3,3.0,1.0,1.0,2.0,8,15,,,,,2,2,1.0,1.0,1.0,1.0,3,1,1,1,2,0,53,47,59.0,41.0,48.0,52.0,0,0,0,0,0,0
182,mt_303704272,comp_2954,sn_270305,2021-09-05T16:00:00.000Z,Bulgaria,tm_65328,Lithuania,tm_65365,1,0,0.0,0.0,,,,,5,1,1.0,0.0,4.0,1.0,14,3,6.0,0.0,8.0,3.0,8,2,2.0,0.0,6.0,2.0,5,19,,,,,4,2,2.0,0.0,2.0,2.0,1,3,0,0,1,3,64,36,64.0,36.0,63.0,37.0,1,0,0,0,1,0
183,mt_727326579,comp_2954,sn_270305,2021-09-05T16:00:00.000Z,Iceland,tm_86544,North Macedonia,tm_32834,2,2,0.0,0.0,,,,,3,8,0.0,4.0,3.0,4.0,9,20,1.0,12.0,8.0,8.0,4,8,2.0,4.0,2.0,4.0,14,15,,,,,1,1,0.0,1.0,1.0,0.0,2,3,1,0,1,3,44,56,49.0,51.0,40.0,60.0,0,0,0,0,0,0
184,mt_848947089,comp_2954,sn_270305,2021-09-05T16:00:00.000Z,England,tm_53273,Andorra,tm_86059,4,0,0.0,0.0,,,,,6,1,1.0,1.0,5.0,0.0,20,1,7.0,1.0,13.0,0.0,5,0,1.0,0.0,4.0,0.0,13,16,,,,,6,0,3.0,0.0,3.0,0.0,1,6,0,2,1,4,88,12,89.0,11.0,88.0,12.0,0,0,0,0,0,0
185,mt_303704136,comp_2954,sn_270305,2021-09-05T16:00:00.000Z,Albania,tm_17513,Hungary,tm_70924,1,0,0.0,0.0,,,,,3,2,1.0,2.0,2.0,0.0,15,7,6.0,4.0,9.0,3.0,7,2,4.0,2.0,3.0,0.0,15,10,,,,,0,1,0.0,0.0,0.0,1.0,3,1,0,0,3,1,46,54,47.0,53.0,45.0,55.0,0,0,0,0,0,0
186,mt_848947640,comp_2954,sn_270305,2021-09-05T13:00:00.000Z,Belarus,tm_53246,Wales,tm_94101,2,3,0.0,0.0,,,,,3,7,2.0,2.0,1.0,5.0,7,17,5.0,6.0,2.0,11.0,2,6,1.0,4.0,1.0,2.0,17,10,,,,,2,3,2.0,1.0,0.0,2.0,2,1,2,1,0,0,34,66,37.0,63.0,30.0,70.0,0,0,0,0,0,0
187,mt_303704213,comp_2954,sn_270305,2021-09-04T18:45:00.000Z,Slovakia,tm_32733,Croatia,tm_41754,0,1,0.0,0.0,,,,,4,3,1.0,2.0,3.0,1.0,16,13,9.0,9.0,7.0,4.0,6,3,2.0,2.0,4.0,1.0,13,13,,,,,2,0,0.0,0.0,2.0,0.0,2,1,1,0,1,1,45,55,49.0,51.0,41.0,59.0,0,0,0,0,0,0
188,mt_575179342,comp_2954,sn_270305,2021-09-04T18:45:00.000Z,Faroe Islands,tm_17071,Denmark,tm_65124,0,1,0.0,0.0,,,,,3,8,2.0,4.0,1.0,4.0,5,19,2.0,11.0,3.0,8.0,1,10,1.0,7.0,0.0,3.0,18,7,,,,,0,4,0.0,1.0,0.0,3.0,3,2,0,1,3,1,20,80,22.0,78.0,19.0,81.0,1,0,0,0,1,0
189,mt_969863428,comp_2954,sn_270305,2021-09-04T18:45:00.000Z,Scotland,tm_41641,Moldova,tm_94208,1,0,0.0,0.0,,,,,7,1,6.0,0.0,1.0,1.0,16,6,8.0,4.0,8.0,2.0,7,3,4.0,3.0,3.0,0.0,13,12,,,,,2,2,0.0,1.0,2.0,1.0,0,1,0,0,0,1,54,46,54.0,46.0,53.0,47.0,0,0,0,0,0,0
190,mt_454652178,comp_2954,sn_270305,2021-09-04T18:45:00.000Z,Israel,tm_17398,Austria,tm_86533,5,2,0.0,0.0,,,,,7,7,3.0,4.0,4.0,3.0,9,19,3.0,13.0,6.0,6.0,4,3,1.0,1.0,3.0,2.0,8,12,,,,,3,3,2.0,2.0,1.0,1.0,3,2,1,0,2,2,41,59,41.0,59.0,42.0,58.0,0,0,0,0,0,0
191,mt_727326020,comp_2954,sn_270305,2021-09-04T18:45:00.000Z,Netherlands,tm_41792,Montenegro,tm_721624,4,0,0.0,0.0,,,,,12,1,5.0,0.0,7.0,1.0,28,4,14.0,1.0,14.0,3.0,9,0,3.0,0.0,6.0,0.0,13,11,,,,,1,0,0.0,0.0,1.0,0.0,1,4,0,2,1,2,72,28,71.0,29.0,72.0,28.0,0,0,0,0,0,0
192,mt_303704208,comp_2954,sn_270305,2021-09-04T18:45:00.000Z,Gibraltar,tm_0189159,Türkiye,tm_17049,0,3,0.0,0.0,,,,,3,9,1.0,5.0,2.0,4.0,3,21,1.0,9.0,2.0,12.0,2,8,0.0,5.0,2.0,3.0,9,6,,,,,2,8,1.0,3.0,1.0,5.0,2,1,2,1,0,0,25,75,22.0,78.0,28.0,72.0,0,0,0,0,0,0
193,mt_454652195,comp_2954,sn_270305,2021-09-04T18:45:00.000Z,Ukraine,tm_28630,France,tm_28952,1,1,0.0,0.0,,,,,3,5,3.0,2.0,0.0,3.0,8,16,7.0,8.0,1.0,8.0,3,3,1.0,1.0,2.0,2.0,9,6,,,,,1,1,0.0,0.0,1.0,1.0,2,1,0,0,2,1,39,61,39.0,61.0,39.0,61.0,0,0,0,0,0,0
194,mt_848947662,comp_2954,sn_270305,2021-09-04T16:00:00.000Z,Cyprus,tm_94680,Russia,tm_09203,0,2,0.0,0.0,,,,,3,4,1.0,3.0,2.0,1.0,16,9,5.0,6.0,11.0,3.0,6,4,1.0,4.0,5.0,0.0,8,19,,,,,4,2,2.0,1.0,2.0,1.0,2,3,1,0,1,3,42,58,33.0,67.0,51.0,49.0,0,0,0,0,0,0
195,mt_080285933,comp_2954,sn_270305,2021-09-04T16:00:00.000Z,Ireland,tm_53152,Azerbaijan,tm_94119,1,1,0.0,0.0,,,,,5,4,1.0,3.0,4.0,1.0,21,10,7.0,7.0,14.0,3.0,5,3,1.0,2.0,4.0,1.0,10,13,,,,,1,1,1.0,1.0,0.0,0.0,2,2,0,0,2,2,59,41,49.0,51.0,72.0,28.0,0,0,0,0,0,0
196,mt_727326051,comp_2954,sn_270305,2021-09-04T16:00:00.000Z,Slovenia,tm_09821,Malta,tm_53717,1,0,0.0,0.0,,,,,3,1,1.0,1.0,2.0,0.0,12,4,7.0,3.0,5.0,1.0,4,5,3.0,2.0,1.0,3.0,10,17,,,,,1,3,0.0,1.0,1.0,2.0,1,4,1,2,0,2,52,48,57.0,43.0,46.0,54.0,0,0,0,0,0,0
197,mt_848947658,comp_2954,sn_270305,2021-09-04T16:00:00.000Z,Serbia,tm_44175,Luxembourg,tm_86430,4,1,0.0,0.0,,,,,8,1,4.0,0.0,4.0,1.0,17,11,7.0,6.0,10.0,5.0,4,8,3.0,2.0,1.0,6.0,17,10,,,,,6,1,3.0,1.0,3.0,0.0,1,3,1,1,0,2,54,46,64.0,36.0,42.0,58.0,0,1,0,0,0,1
198,mt_303704257,comp_2954,sn_270305,2021-09-04T16:00:00.000Z,Latvia,tm_65386,Norway,tm_41500,0,2,0.0,0.0,,,,,2,12,2.0,4.0,0.0,8.0,2,23,2.0,10.0,0.0,13.0,3,9,1.0,5.0,2.0,4.0,8,10,,,,,0,1,0.0,0.0,0.0,1.0,2,0,0,0,2,0,30,70,25.0,75.0,34.0,66.0,0,0,0,0,0,0
199,mt_292091831,comp_2954,sn_270305,2021-09-04T13:00:00.000Z,Finland,tm_94162,Kazakhstan,tm_94197,1,0,0.0,0.0,,,,,4,2,2.0,0.0,2.0,2.0,13,8,9.0,5.0,4.0,3.0,4,3,3.0,2.0,1.0,1.0,8,13,,,,,0,0,,,,,1,3,0,0,1,3,57,43,62.0,38.0,51.0,49.0,0,0,0,0,0,0
200,mt_969863441,comp_2954,sn_270305,2021-09-02T18:45:00.000Z,Sweden,tm_86978,Spain,tm_86522,2,1,0.0,0.0,,,,,4,4,3.0,1.0,1.0,3.0,6,12,4.0,3.0,2.0,9.0,7,9,3.0,3.0,4.0,6.0,14,6,,,,,3,1,1.0,1.0,2.0,0.0,2,2,1,2,1,0,25,75,27.0,73.0,24.0,76.0,0,0,0,0,0,0
201,mt_616410549,comp_2954,sn_270305,2021-09-02T18:45:00.000Z,Italy,tm_32805,Bulgaria,tm_65328,1,1,0.0,0.0,,,,,8,2,4.0,2.0,4.0,0.0,27,4,8.0,3.0,19.0,1.0,10,0,0.0,0.0,10.0,0.0,9,12,,,,,5,0,4.0,0.0,1.0,0.0,2,2,1,1,1,1,79,21,75.0,25.0,85.0,15.0,0,0,0,0,0,0
202,mt_454652167,comp_2954,sn_270305,2021-09-02T18:45:00.000Z,North Macedonia,tm_32834,Armenia,tm_17007,0,0,0.0,0.0,,,,,1,3,0.0,0.0,1.0,3.0,13,6,6.0,2.0,7.0,4.0,3,0,1.0,0.0,2.0,0.0,13,14,,,,,3,3,1.0,1.0,2.0,2.0,2,3,0,1,2,2,67,33,64.0,36.0,71.0,29.0,0,0,0,0,0,0
203,mt_131538791,comp_2954,sn_270305,2021-09-02T18:45:00.000Z,Liechtenstein,tm_17667,Germany,tm_28696,0,2,0.0,0.0,,,,,0,7,0.0,4.0,0.0,3.0,2,30,1.0,13.0,1.0,17.0,0,15,0.0,4.0,0.0,11.0,3,11,,,,,0,6,0.0,2.0,0.0,4.0,0,0,0,0,0,0,15,85,16.0,84.0,13.0,87.0,0,0,0,0,0,0
204,mt_848947636,comp_2954,sn_270305,2021-09-02T18:45:00.000Z,Lithuania,tm_65365,Northern Ireland,tm_65980,1,4,0.0,0.0,,,,,3,6,0.0,2.0,3.0,4.0,12,9,5.0,4.0,7.0,5.0,6,5,4.0,3.0,2.0,2.0,14,5,,,,,2,2,0.0,1.0,2.0,1.0,4,2,1,0,3,2,50,50,48.0,52.0,52.0,48.0,0,0,0,0,0,0
205,mt_080285911,comp_2954,sn_270305,2021-09-02T18:45:00.000Z,Iceland,tm_86544,Romania,tm_32068,0,2,0.0,0.0,,,,,3,6,2.0,4.0,1.0,2.0,13,19,7.0,10.0,6.0,9.0,8,2,4.0,1.0,4.0,1.0,11,9,,,,,3,3,3.0,3.0,0.0,0.0,2,4,0,2,2,2,55,45,51.0,49.0,59.0,41.0,0,0,0,0,0,0
206,mt_131538738,comp_2954,sn_270305,2021-09-02T18:45:00.000Z,Czechia,tm_09485,Belarus,tm_53246,1,0,0.0,0.0,,,,,6,2,3.0,1.0,3.0,1.0,24,7,14.0,3.0,10.0,4.0,12,2,5.0,1.0,7.0,1.0,9,9,,,,,1,0,1.0,0.0,0.0,0.0,1,1,0,0,1,1,66,34,69.0,31.0,64.0,36.0,0,0,0,0,0,0
207,mt_969863409,comp_2954,sn_270305,2021-09-02T18:45:00.000Z,Andorra,tm_86059,San Marino,tm_53436,2,0,0.0,0.0,,,,,5,2,5.0,1.0,0.0,1.0,16,15,12.0,4.0,4.0,11.0,9,7,5.0,1.0,4.0,6.0,23,14,,,,,1,0,1.0,0.0,0.0,0.0,2,2,0,0,2,2,54,46,66.0,34.0,40.0,60.0,0,0,0,0,0,0
208,mt_848947625,comp_2954,sn_270305,2021-09-02T18:45:00.000Z,Estonia,tm_70906,Belgium,tm_32860,2,5,0.0,0.0,,,,,3,9,2.0,4.0,1.0,5.0,10,25,5.0,12.0,5.0,13.0,4,9,3.0,5.0,1.0,4.0,9,7,,,,,3,1,1.0,0.0,2.0,1.0,1,2,0,0,1,2,27,73,24.0,76.0,30.0,70.0,0,0,0,0,0,0
209,mt_575179499,comp_2954,sn_270305,2021-09-02T18:45:00.000Z,Poland,tm_53264,Albania,tm_17513,4,1,0.0,0.0,,,,,4,4,2.0,4.0,2.0,0.0,6,12,2.0,7.0,4.0,5.0,2,3,1.0,1.0,1.0,2.0,25,10,,,,,2,4,1.0,0.0,1.0,4.0,2,5,0,3,2,2,49,51,52.0,48.0,46.0,54.0,0,0,0,0,0,0
210,mt_131538680,comp_2954,sn_270305,2021-09-02T18:45:00.000Z,Hungary,tm_70924,England,tm_53273,0,4,0.0,0.0,,,,,1,8,0.0,0.0,1.0,8.0,4,12,1.0,4.0,3.0,8.0,0,6,0.0,3.0,0.0,3.0,13,10,,,,,0,2,0.0,1.0,0.0,1.0,3,2,1,0,2,2,36,64,31.0,69.0,41.0,59.0,0,0,0,0,0,0
211,mt_575179334,comp_2954,sn_270305,2021-09-02T16:00:00.000Z,Georgia,tm_53298,Kosovo,tm_6293033,0,1,0.0,0.0,,,,,2,4,1.0,1.0,1.0,3.0,14,7,6.0,2.0,8.0,5.0,4,1,0.0,0.0,4.0,1.0,15,18,,,,,0,4,0.0,2.0,0.0,2.0,3,3,0,1,3,2,59,41,58.0,42.0,59.0,41.0,0,0,0,0,0,0
212,mt_848947674,comp_2954,sn_270305,2021-09-01T18:45:00.000Z,Russia,tm_09203,Croatia,tm_41754,0,0,0.0,0.0,,,,,3,2,1.0,0.0,2.0,2.0,8,15,4.0,7.0,4.0,8.0,3,6,2.0,2.0,1.0,4.0,8,6,,,,,2,1,1.0,0.0,1.0,1.0,2,0,1,0,1,0,40,60,41.0,59.0,40.0,60.0,0,0,0,0,0,0
213,mt_727326002,comp_2954,sn_270305,2021-09-01T18:45:00.000Z,Slovenia,tm_09821,Slovakia,tm_32733,1,1,0.0,0.0,,,,,5,2,3.0,1.0,2.0,1.0,9,11,5.0,4.0,4.0,7.0,2,4,2.0,0.0,0.0,4.0,16,20,,,,,1,0,0.0,0.0,1.0,0.0,2,2,0,0,2,2,48,52,57.0,43.0,37.0,63.0,0,0,0,0,0,0
214,mt_616410590,comp_2954,sn_270305,2021-09-01T18:45:00.000Z,Luxembourg,tm_86430,Azerbaijan,tm_94119,2,1,0.0,0.0,,,,,5,3,4.0,1.0,1.0,2.0,16,8,11.0,1.0,5.0,7.0,5,3,3.0,0.0,2.0,3.0,15,11,,,,,3,5,3.0,1.0,0.0,4.0,2,3,0,1,2,2,47,53,53.0,47.0,39.0,61.0,0,0,0,0,0,0
215,mt_454652181,comp_2954,sn_270305,2021-09-01T18:45:00.000Z,Portugal,tm_09479,Ireland,tm_53152,2,1,0.0,0.0,,,,,7,2,2.0,1.0,5.0,1.0,29,6,7.0,4.0,22.0,2.0,14,3,3.0,2.0,11.0,1.0,9,11,,,,,2,0,1.0,0.0,1.0,0.0,1,4,0,3,1,1,72,28,69.0,31.0,76.0,24.0,0,0,0,0,0,0
216,mt_727326037,comp_2954,sn_270305,2021-09-01T18:45:00.000Z,Malta,tm_53717,Cyprus,tm_94680,3,0,0.0,0.0,,,,,5,3,2.0,2.0,3.0,1.0,9,5,4.0,4.0,5.0,1.0,1,4,1.0,3.0,0.0,1.0,9,6,,,,,1,3,1.0,2.0,0.0,1.0,3,3,1,3,2,0,74,26,66.0,34.0,79.0,21.0,0,1,0,1,0,0
217,mt_575179318,comp_2954,sn_270305,2021-09-01T18:45:00.000Z,Norway,tm_41500,Netherlands,tm_41792,1,1,0.0,0.0,,,,,2,6,2.0,3.0,0.0,3.0,7,17,5.0,9.0,2.0,8.0,3,4,1.0,1.0,2.0,3.0,12,11,,,,,2,1,2.0,0.0,0.0,1.0,3,2,2,1,1,1,35,65,32.0,68.0,38.0,62.0,0,0,0,0,0,0
218,mt_303704261,comp_2954,sn_270305,2021-09-01T18:45:00.000Z,Latvia,tm_65386,Gibraltar,tm_0189159,3,1,0.0,0.0,,,,,4,1,1.0,0.0,3.0,1.0,23,4,9.0,1.0,14.0,3.0,6,0,3.0,0.0,3.0,0.0,14,13,,,,,2,1,0.0,1.0,2.0,0.0,1,3,1,2,0,1,63,37,65.0,35.0,61.0,39.0,0,0,0,0,0,0
219,mt_616410514,comp_2954,sn_270305,2021-09-01T18:45:00.000Z,Türkiye,tm_17049,Montenegro,tm_721624,2,2,0.0,0.0,,,,,5,4,3.0,2.0,2.0,2.0,15,9,8.0,4.0,7.0,5.0,2,3,1.0,2.0,1.0,1.0,17,15,,,,,3,2,1.0,2.0,2.0,0.0,4,4,1,0,3,4,60,40,57.0,43.0,66.0,34.0,0,0,0,0,0,0
220,mt_575179376,comp_2954,sn_270305,2021-09-01T18:45:00.000Z,France,tm_28952,Bosnia & Herzegovina,tm_70240,1,1,0.0,0.0,,,,,2,2,2.0,2.0,0.0,0.0,9,6,7.0,3.0,2.0,3.0,4,6,3.0,1.0,1.0,5.0,10,6,,,,,2,2,2.0,1.0,0.0,1.0,1,1,1,0,0,1,54,46,66.0,34.0,42.0,58.0,1,0,0,0,1,0
221,mt_131538747,comp_2954,sn_270305,2021-09-01T18:45:00.000Z,Faroe Islands,tm_17071,Israel,tm_17398,0,4,0.0,0.0,,,,,1,9,1.0,5.0,0.0,4.0,9,13,3.0,8.0,6.0,5.0,7,2,2.0,1.0,5.0,1.0,14,11,,,,,2,1,0.0,1.0,2.0,0.0,1,0,0,0,1,0,41,59,39.0,61.0,42.0,58.0,0,0,0,0,0,0
222,mt_727326015,comp_2954,sn_270305,2021-09-01T18:45:00.000Z,Moldova,tm_94208,Austria,tm_86533,0,2,0.0,0.0,,,,,1,4,0.0,3.0,1.0,1.0,4,13,1.0,8.0,3.0,5.0,2,3,1.0,2.0,1.0,1.0,13,5,,,,,0,2,0.0,1.0,0.0,1.0,2,0,1,0,1,0,30,70,28.0,72.0,31.0,69.0,0,0,0,0,0,0
223,mt_131538616,comp_2954,sn_270305,2021-09-01T18:45:00.000Z,Denmark,tm_65124,Scotland,tm_41641,2,0,0.0,0.0,,,,,5,2,3.0,0.0,2.0,2.0,11,5,7.0,0.0,4.0,5.0,2,5,1.0,0.0,1.0,5.0,11,12,,,,,1,1,0.0,1.0,1.0,0.0,0,0,0,0,0,0,61,39,65.0,35.0,58.0,42.0,0,0,0,0,0,0
224,mt_616410523,comp_2954,sn_270305,2021-09-01T14:00:00.000Z,Kazakhstan,tm_94197,Ukraine,tm_28630,2,2,0.0,0.0,,,,,6,9,3.0,4.0,3.0,5.0,11,25,7.0,11.0,4.0,14.0,3,4,1.0,3.0,2.0,1.0,11,8,,,,,1,1,0.0,1.0,1.0,0.0,2,2,1,0,1,2,41,59,35.0,65.0,49.0,51.0,0,0,0,0,0,0
225,mt_292091869,comp_2954,sn_270305,2021-03-31T18:45:00.000Z,Liechtenstein,tm_17667,Iceland,tm_86544,1,4,0.0,0.0,,,,,3,11,0.0,6.0,3.0,5.0,3,26,0.0,13.0,3.0,13.0,1,13,0.0,8.0,1.0,5.0,10,10,,,,,0,2,0.0,1.0,0.0,1.0,0,0,0,0,0,0,31,69,30.0,70.0,33.0,67.0,0,0,0,0,0,0
226,mt_727326046,comp_2954,sn_270305,2021-03-31T18:45:00.000Z,Germany,tm_28696,North Macedonia,tm_32834,1,2,0.0,0.0,,,,,2,3,1.0,1.0,1.0,2.0,11,6,6.0,1.0,5.0,5.0,2,5,1.0,1.0,1.0,4.0,14,14,,,,,1,1,1.0,0.0,0.0,1.0,5,3,2,1,3,2,70,30,68.0,32.0,72.0,28.0,0,0,0,0,0,0
227,mt_969863470,comp_2954,sn_270305,2021-03-31T18:45:00.000Z,England,tm_53273,Poland,tm_53264,2,1,0.0,0.0,,,,,4,1,2.0,0.0,2.0,1.0,10,4,5.0,0.0,5.0,4.0,7,0,2.0,0.0,5.0,0.0,11,17,,,,,3,1,2.0,1.0,1.0,0.0,0,1,0,0,0,1,64,36,69.0,31.0,57.0,43.0,0,0,0,0,0,0
228,mt_292091892,comp_2954,sn_270305,2021-03-31T18:45:00.000Z,San Marino,tm_53436,Albania,tm_17513,0,2,0.0,0.0,,,,,1,5,0.0,1.0,1.0,4.0,4,26,2.0,8.0,2.0,18.0,0,15,0.0,7.0,0.0,8.0,10,15,,,,,2,3,1.0,1.0,1.0,2.0,2,0,1,0,1,0,21,79,18.0,82.0,24.0,76.0,0,0,0,0,0,0
229,mt_575179455,comp_2954,sn_270305,2021-03-31T18:45:00.000Z,Andorra,tm_86059,Hungary,tm_70924,1,4,0.0,0.0,,,,,3,5,2.0,1.0,1.0,4.0,4,16,3.0,5.0,1.0,11.0,1,4,1.0,4.0,0.0,0.0,20,9,,,,,0,0,,,,,4,2,2,1,2,1,24,76,22.0,78.0,27.0,73.0,0,0,0,0,0,0
230,mt_454652814,comp_2954,sn_270305,2021-03-31T18:45:00.000Z,Spain,tm_86522,Kosovo,tm_6293033,3,1,0.0,0.0,,,,,11,1,5.0,0.0,6.0,1.0,24,3,14.0,0.0,10.0,3.0,9,2,6.0,0.0,3.0,2.0,9,10,,,,,3,4,2.0,2.0,1.0,2.0,0,1,0,0,0,1,81,19,84.0,16.0,78.0,22.0,0,0,0,0,0,0
231,mt_131538669,comp_2954,sn_270305,2021-03-31T18:45:00.000Z,Bosnia & Herzegovina,tm_70240,France,tm_28952,0,1,0.0,0.0,,,,,2,2,2.0,1.0,0.0,1.0,4,13,2.0,7.0,2.0,6.0,4,8,1.0,5.0,3.0,3.0,12,10,,,,,1,3,1.0,2.0,0.0,1.0,3,3,1,0,2,3,44,56,38.0,62.0,50.0,50.0,0,0,0,0,0,0
232,mt_303704183,comp_2954,sn_270305,2021-03-31T18:45:00.000Z,Greece,tm_17035,Georgia,tm_53298,1,1,0.0,0.0,,,,,2,4,2.0,0.0,0.0,4.0,6,9,5.0,2.0,1.0,7.0,4,9,3.0,4.0,1.0,5.0,18,13,,,,,2,2,1.0,2.0,1.0,0.0,4,3,0,1,4,2,56,44,53.0,47.0,58.0,42.0,0,0,0,0,0,0
233,mt_131538654,comp_2954,sn_270305,2021-03-31T18:45:00.000Z,Lithuania,tm_65365,Italy,tm_32805,0,2,0.0,0.0,,,,,2,11,0.0,2.0,2.0,9.0,7,29,2.0,12.0,5.0,17.0,4,5,2.0,3.0,2.0,2.0,14,13,,,,,3,2,2.0,2.0,1.0,0.0,3,3,1,2,2,1,34,66,29.0,71.0,39.0,61.0,0,0,0,0,0,0
234,mt_454652807,comp_2954,sn_270305,2021-03-31T18:45:00.000Z,Northern Ireland,tm_65980,Bulgaria,tm_65328,0,0,0.0,0.0,,,,,3,1,1.0,0.0,2.0,1.0,14,3,4.0,1.0,10.0,2.0,12,2,1.0,0.0,11.0,2.0,17,17,,,,,3,5,2.0,3.0,1.0,2.0,3,3,1,2,2,1,70,30,63.0,37.0,76.0,24.0,0,0,0,0,0,0
235,mt_080285381,comp_2954,sn_270305,2021-03-31T18:45:00.000Z,Ukraine,tm_28630,Kazakhstan,tm_94197,1,1,0.0,0.0,,,,,10,2,5.0,1.0,5.0,1.0,28,5,14.0,4.0,14.0,1.0,7,1,2.0,1.0,5.0,0.0,7,14,,,,,0,0,,,,,2,6,0,3,2,3,71,29,76.0,24.0,67.0,33.0,0,0,0,0,0,0
236,mt_131538648,comp_2954,sn_270305,2021-03-31T18:45:00.000Z,Moldova,tm_94208,Israel,tm_17398,1,4,0.0,0.0,,,,,4,8,2.0,3.0,2.0,5.0,12,20,8.0,6.0,4.0,14.0,4,5,2.0,3.0,2.0,2.0,14,5,,,,,0,3,0.0,1.0,0.0,2.0,4,2,2,1,2,1,26,74,28.0,72.0,24.0,76.0,1,0,0,0,1,0
237,mt_080285378,comp_2954,sn_270305,2021-03-31T18:45:00.000Z,Scotland,tm_41641,Faroe Islands,tm_17071,4,0,0.0,0.0,,,,,6,2,3.0,1.0,3.0,1.0,12,7,8.0,2.0,4.0,5.0,1,5,1.0,1.0,0.0,4.0,9,13,,,,,3,1,0.0,1.0,3.0,0.0,1,1,0,1,1,0,65,35,71.0,29.0,59.0,41.0,0,0,0,0,0,0
238,mt_292091621,comp_2954,sn_270305,2021-03-31T18:45:00.000Z,Austria,tm_86533,Denmark,tm_65124,0,4,0.0,0.0,,,,,0,6,0.0,1.0,0.0,5.0,5,11,2.0,3.0,3.0,8.0,2,6,1.0,4.0,1.0,2.0,12,11,,,,,1,3,0.0,2.0,1.0,1.0,0,1,0,0,0,1,52,48,49.0,51.0,56.0,44.0,0,0,0,0,0,0
239,mt_575179321,comp_2954,sn_270305,2021-03-31T16:00:00.000Z,Armenia,tm_17007,Romania,tm_32068,3,2,0.0,0.0,,,,,8,7,2.0,4.0,6.0,3.0,16,14,3.0,7.0,13.0,7.0,6,5,3.0,3.0,3.0,2.0,10,15,,,,,3,0,1.0,0.0,2.0,0.0,3,4,3,2,0,2,34,66,30.0,70.0,39.0,61.0,0,1,0,0,0,1
240,mt_969863242,comp_2954,sn_270305,2021-03-30T18:45:00.000Z,Luxembourg,tm_86430,Portugal,tm_09479,1,3,0.0,0.0,,,,,1,11,1.0,6.0,0.0,5.0,6,20,2.0,11.0,4.0,9.0,4,9,1.0,4.0,3.0,5.0,9,15,,,,,2,5,2.0,3.0,0.0,2.0,2,3,0,1,2,2,43,57,37.0,63.0,51.0,49.0,1,0,0,0,1,0
241,mt_131538675,comp_2954,sn_270305,2021-03-30T18:45:00.000Z,Montenegro,tm_721624,Norway,tm_41500,0,1,0.0,0.0,,,,,4,1,1.0,1.0,3.0,0.0,13,10,2.0,7.0,11.0,3.0,2,4,0.0,4.0,2.0,0.0,13,14,,,,,2,1,2.0,0.0,0.0,1.0,0,2,0,0,0,2,42,58,32.0,68.0,54.0,46.0,0,0,0,0,0,0
242,mt_969863221,comp_2954,sn_270305,2021-03-30T18:45:00.000Z,Croatia,tm_41754,Malta,tm_53717,3,0,0.0,0.0,,,,,6,1,1.0,1.0,5.0,0.0,17,2,5.0,2.0,12.0,0.0,6,0,3.0,0.0,3.0,0.0,11,12,,,,,3,0,1.0,0.0,2.0,0.0,2,0,0,0,2,0,67,33,68.0,32.0,66.0,34.0,0,0,0,0,0,0
243,mt_080285343,comp_2954,sn_270305,2021-03-30T18:45:00.000Z,Slovakia,tm_32733,Russia,tm_09203,2,1,0.0,0.0,,,,,3,3,1.0,1.0,2.0,2.0,7,10,2.0,6.0,5.0,4.0,2,2,2.0,2.0,0.0,0.0,8,14,,,,,3,1,1.0,0.0,2.0,1.0,1,2,1,2,0,0,39,61,42.0,58.0,35.0,65.0,0,0,0,0,0,0
244,mt_292091753,comp_2954,sn_270305,2021-03-30T18:45:00.000Z,Türkiye,tm_17049,Latvia,tm_65386,3,3,0.0,0.0,,,,,8,4,6.0,1.0,2.0,3.0,17,10,10.0,5.0,7.0,5.0,7,3,4.0,3.0,3.0,0.0,16,16,,,,,0,1,0.0,0.0,0.0,1.0,3,3,0,0,3,3,64,36,60.0,40.0,69.0,31.0,0,0,0,0,0,0
245,mt_727326526,comp_2954,sn_270305,2021-03-30T18:45:00.000Z,Wales,tm_94101,Czechia,tm_09485,1,0,0.0,0.0,,,,,3,3,1.0,2.0,2.0,1.0,8,11,2.0,8.0,6.0,3.0,3,5,2.0,3.0,1.0,2.0,18,16,,,,,5,1,2.0,0.0,3.0,1.0,3,1,0,0,3,1,44,56,33.0,67.0,54.0,46.0,1,1,0,0,1,1
246,mt_575179477,comp_2954,sn_270305,2021-03-30T18:45:00.000Z,Gibraltar,tm_0189159,Netherlands,tm_41792,0,7,0.0,0.0,,,,,0,16,0.0,6.0,0.0,10.0,0,35,0.0,19.0,0.0,16.0,3,9,0.0,4.0,3.0,5.0,13,11,,,,,0,3,0.0,1.0,0.0,2.0,2,2,1,1,1,1,20,80,19.0,81.0,22.0,78.0,0,0,0,0,0,0
247,mt_969863260,comp_2954,sn_270305,2021-03-30T18:45:00.000Z,Belgium,tm_32860,Belarus,tm_53246,8,0,0.0,0.0,,,,,15,0,5.0,0.0,10.0,0.0,21,4,7.0,1.0,14.0,3.0,7,1,5.0,0.0,2.0,1.0,8,8,,,,,1,2,1.0,0.0,0.0,2.0,0,0,0,0,0,0,68,32,70.0,30.0,66.0,34.0,0,0,0,0,0,0
248,mt_080285395,comp_2954,sn_270305,2021-03-30T16:00:00.000Z,Azerbaijan,tm_94119,Serbia,tm_44175,1,2,0.0,0.0,,,,,2,7,1.0,3.0,1.0,4.0,8,18,2.0,8.0,6.0,10.0,2,9,1.0,3.0,1.0,6.0,19,14,,,,,1,2,0.0,2.0,1.0,0.0,1,2,0,1,1,1,33,67,35.0,65.0,31.0,69.0,0,0,0,0,0,0
249,mt_848947002,comp_2954,sn_270305,2021-03-30T16:00:00.000Z,Cyprus,tm_94680,Slovenia,tm_09821,1,0,0.0,0.0,,,,,3,3,1.0,2.0,2.0,1.0,7,9,4.0,3.0,3.0,6.0,2,6,0.0,4.0,2.0,2.0,10,15,,,,,2,6,0.0,1.0,2.0,5.0,0,2,0,1,0,1,38,62,43.0,57.0,32.0,68.0,0,0,0,0,0,0
250,mt_575179444,comp_2954,sn_270305,2021-03-28T18:45:00.000Z,Kosovo,tm_6293033,Sweden,tm_86978,0,3,0.0,0.0,,,,,0,8,0.0,4.0,0.0,4.0,7,20,4.0,10.0,3.0,10.0,2,4,1.0,2.0,1.0,2.0,9,12,,,,,5,2,3.0,1.0,2.0,1.0,6,1,3,1,3,0,50,50,53.0,47.0,47.0,53.0,1,0,0,0,1,0
251,mt_454652871,comp_2954,sn_270305,2021-03-28T18:45:00.000Z,Romania,tm_32068,Germany,tm_28696,0,1,0.0,0.0,,,,,2,9,1.0,5.0,1.0,4.0,9,18,4.0,9.0,5.0,9.0,3,6,1.0,1.0,2.0,5.0,10,11,,,,,2,5,1.0,2.0,1.0,3.0,1,1,1,0,0,1,34,66,27.0,73.0,41.0,59.0,0,0,0,0,0,0
252,mt_131538603,comp_2954,sn_270305,2021-03-28T18:45:00.000Z,North Macedonia,tm_32834,Liechtenstein,tm_17667,5,0,0.0,0.0,,,,,11,1,3.0,1.0,8.0,0.0,21,2,7.0,1.0,14.0,1.0,3,2,2.0,1.0,1.0,1.0,6,21,,,,,7,2,4.0,1.0,3.0,1.0,1,5,0,3,1,2,75,25,76.0,24.0,75.0,25.0,0,0,0,0,0,0
253,mt_727326591,comp_2954,sn_270305,2021-03-28T18:45:00.000Z,Switzerland,tm_70912,Lithuania,tm_65365,1,0,0.0,0.0,,,,,9,1,3.0,0.0,6.0,1.0,21,4,8.0,1.0,13.0,3.0,14,3,7.0,1.0,7.0,2.0,8,8,,,,,5,4,1.0,1.0,4.0,3.0,0,1,0,1,0,0,69,31,66.0,34.0,72.0,28.0,0,0,0,0,0,0
254,mt_303704174,comp_2954,sn_270305,2021-03-28T18:45:00.000Z,Bulgaria,tm_65328,Italy,tm_32805,0,2,0.0,0.0,,,,,1,6,1.0,1.0,0.0,5.0,3,22,1.0,8.0,2.0,14.0,0,12,0.0,5.0,0.0,7.0,14,18,,,,,2,1,1.0,1.0,1.0,0.0,3,2,0,0,3,2,33,67,29.0,71.0,37.0,63.0,0,0,0,0,0,0
255,mt_969863276,comp_2954,sn_270305,2021-03-28T18:45:00.000Z,Austria,tm_86533,Faroe Islands,tm_17071,3,1,0.0,0.0,,,,,8,4,6.0,3.0,2.0,1.0,27,9,16.0,8.0,11.0,1.0,9,4,5.0,4.0,4.0,0.0,10,7,,,,,2,0,1.0,0.0,1.0,0.0,1,1,1,1,0,0,71,29,72.0,28.0,70.0,30.0,0,0,0,0,0,0
256,mt_848947046,comp_2954,sn_270305,2021-03-28T18:45:00.000Z,Israel,tm_17398,Scotland,tm_41641,1,1,0.0,0.0,,,,,3,3,3.0,0.0,0.0,3.0,14,13,8.0,4.0,6.0,9.0,0,4,0.0,2.0,0.0,2.0,17,15,,,,,1,4,1.0,1.0,0.0,3.0,1,1,0,1,1,0,55,45,61.0,39.0,49.0,51.0,0,0,0,0,0,0
257,mt_292091732,comp_2954,sn_270305,2021-03-28T18:45:00.000Z,Ukraine,tm_28630,Finland,tm_94162,1,1,0.0,0.0,,,,,4,1,2.0,0.0,2.0,1.0,17,7,12.0,2.0,5.0,5.0,3,3,2.0,1.0,1.0,2.0,10,10,,,,,1,2,0.0,1.0,1.0,1.0,3,2,0,0,3,2,61,39,60.0,40.0,62.0,38.0,1,0,0,0,1,0
258,mt_727326510,comp_2954,sn_270305,2021-03-28T18:45:00.000Z,Poland,tm_53264,Andorra,tm_86059,3,0,0.0,0.0,,,,,6,0,3.0,0.0,3.0,0.0,26,1,14.0,0.0,12.0,1.0,13,0,5.0,0.0,8.0,0.0,8,22,,,,,0,1,0.0,0.0,0.0,1.0,0,2,0,1,0,1,85,15,84.0,16.0,87.0,13.0,0,0,0,0,0,0
259,mt_969863199,comp_2954,sn_270305,2021-03-28T18:45:00.000Z,San Marino,tm_53436,Hungary,tm_70924,0,3,0.0,0.0,,,,,0,10,0.0,4.0,0.0,6.0,1,23,1.0,11.0,0.0,12.0,1,16,1.0,8.0,0.0,8.0,17,14,,,,,1,3,0.0,1.0,1.0,2.0,4,2,3,1,1,1,20,80,23.0,77.0,17.0,83.0,0,0,0,0,0,0
260,mt_727326504,comp_2954,sn_270305,2021-03-28T16:00:00.000Z,Georgia,tm_53298,Spain,tm_86522,1,2,0.0,0.0,,,,,2,3,2.0,1.0,0.0,2.0,5,9,4.0,3.0,1.0,6.0,3,6,2.0,2.0,1.0,4.0,12,8,,,,,2,2,1.0,1.0,1.0,1.0,1,2,1,2,0,0,21,79,21.0,79.0,22.0,78.0,1,0,0,0,1,0
261,mt_131538631,comp_2954,sn_270305,2021-03-28T16:00:00.000Z,Albania,tm_17513,England,tm_53273,0,2,0.0,0.0,,,,,0,4,0.0,2.0,0.0,2.0,2,9,2.0,4.0,0.0,5.0,1,5,0.0,3.0,1.0,2.0,13,12,,,,,3,0,1.0,0.0,2.0,0.0,3,2,1,0,2,2,29,71,19.0,81.0,40.0,60.0,0,0,0,0,0,0
262,mt_848947020,comp_2954,sn_270305,2021-03-28T16:00:00.000Z,Denmark,tm_65124,Moldova,tm_94208,8,0,0.0,0.0,,,,,11,2,6.0,1.0,5.0,1.0,18,4,12.0,3.0,6.0,1.0,3,2,1.0,2.0,2.0,0.0,14,7,,,,,2,3,1.0,2.0,1.0,1.0,0,1,0,1,0,0,75,25,73.0,27.0,76.0,24.0,0,0,0,0,0,0
263,mt_131538017,comp_2954,sn_270305,2021-03-28T16:00:00.000Z,Armenia,tm_17007,Iceland,tm_86544,2,0,0.0,0.0,,,,,6,2,3.0,0.0,3.0,2.0,12,14,5.0,3.0,7.0,11.0,1,10,0.0,4.0,1.0,6.0,15,8,,,,,2,2,2.0,1.0,0.0,1.0,2,3,0,1,2,2,41,59,45.0,55.0,35.0,65.0,0,0,0,0,0,0
264,mt_454652890,comp_2954,sn_270305,2021-03-28T13:00:00.000Z,Kazakhstan,tm_94197,France,tm_28952,0,2,0.0,0.0,,,,,1,9,1.0,2.0,0.0,7.0,4,15,2.0,5.0,2.0,10.0,0,9,0.0,1.0,0.0,8.0,13,17,,,,,4,4,2.0,2.0,2.0,2.0,0,1,0,0,0,1,37,63,40.0,60.0,34.0,66.0,0,0,0,0,0,0
265,mt_292091786,comp_2954,sn_270305,2021-03-27T19:45:00.000Z,Ireland,tm_53152,Luxembourg,tm_86430,0,1,0.0,0.0,,,,,3,4,1.0,2.0,2.0,2.0,11,9,3.0,4.0,8.0,5.0,3,4,2.0,2.0,1.0,2.0,16,16,,,,,2,2,1.0,0.0,1.0,2.0,2,3,0,1,2,2,63,37,63.0,37.0,63.0,37.0,0,0,0,0,0,0
266,mt_303704125,comp_2954,sn_270305,2021-03-27T19:45:00.000Z,Slovakia,tm_32733,Malta,tm_53717,2,2,0.0,0.0,,,,,5,4,0.0,2.0,5.0,2.0,14,9,5.0,4.0,9.0,5.0,8,1,1.0,0.0,7.0,1.0,13,17,,,,,7,0,4.0,0.0,3.0,0.0,2,2,1,1,1,1,66,34,63.0,37.0,70.0,30.0,0,0,0,0,0,0
267,mt_454652882,comp_2954,sn_270305,2021-03-27T19:45:00.000Z,Serbia,tm_44175,Portugal,tm_09479,2,2,0.0,0.0,,,,,5,5,1.0,2.0,4.0,3.0,16,12,8.0,6.0,8.0,6.0,5,4,1.0,1.0,4.0,3.0,16,12,,,,,2,5,0.0,3.0,2.0,2.0,2,3,0,0,2,3,44,56,45.0,55.0,43.0,57.0,1,0,0,0,1,0
268,mt_969863287,comp_2954,sn_270305,2021-03-27T19:45:00.000Z,Czechia,tm_09485,Belgium,tm_32860,1,1,0.0,0.0,,,,,6,4,2.0,3.0,4.0,1.0,14,9,6.0,5.0,8.0,4.0,7,3,1.0,3.0,6.0,0.0,11,12,,,,,8,4,5.0,2.0,3.0,2.0,1,2,1,1,0,1,38,62,38.0,62.0,37.0,63.0,0,0,0,0,0,0
269,mt_080285339,comp_2954,sn_270305,2021-03-27T17:00:00.000Z,Croatia,tm_41754,Cyprus,tm_94680,1,0,0.0,0.0,,,,,3,2,2.0,1.0,1.0,1.0,17,3,10.0,2.0,7.0,1.0,7,0,2.0,0.0,5.0,0.0,12,7,,,,,3,3,3.0,0.0,0.0,3.0,3,0,0,0,3,0,69,31,73.0,27.0,65.0,35.0,0,0,0,0,0,0
270,mt_292091765,comp_2954,sn_270305,2021-03-27T17:00:00.000Z,Netherlands,tm_41792,Latvia,tm_65386,2,0,0.0,0.0,,,,,11,0,4.0,0.0,7.0,0.0,36,4,16.0,2.0,20.0,2.0,16,0,5.0,0.0,11.0,0.0,5,11,,,,,2,1,2.0,0.0,0.0,1.0,2,2,0,1,2,1,77,23,75.0,25.0,79.0,21.0,0,0,0,0,0,0
271,mt_727326547,comp_2954,sn_270305,2021-03-27T17:00:00.000Z,Belarus,tm_53246,Estonia,tm_70906,4,2,0.0,0.0,,,,,5,4,2.0,3.0,3.0,1.0,11,10,3.0,3.0,8.0,7.0,5,2,5.0,1.0,0.0,1.0,16,27,,,,,4,2,3.0,2.0,1.0,0.0,3,6,2,0,1,6,64,36,63.0,37.0,64.0,36.0,0,1,0,0,0,1
272,mt_848947037,comp_2954,sn_270305,2021-03-27T17:00:00.000Z,Norway,tm_41500,Türkiye,tm_17049,0,3,0.0,0.0,,,,,1,3,0.0,2.0,1.0,1.0,13,10,5.0,8.0,8.0,2.0,7,3,1.0,3.0,6.0,0.0,14,13,,,,,2,2,1.0,2.0,1.0,0.0,2,1,0,0,2,1,58,42,60.0,40.0,55.0,45.0,1,0,0,0,1,0
273,mt_727326552,comp_2954,sn_270305,2021-03-27T14:00:00.000Z,Russia,tm_09203,Slovenia,tm_09821,2,1,0.0,0.0,,,,,4,3,3.0,2.0,1.0,1.0,9,11,6.0,8.0,3.0,3.0,6,6,3.0,3.0,3.0,3.0,16,11,,,,,2,0,1.0,0.0,1.0,0.0,3,2,2,1,1,1,44,56,50.0,50.0,40.0,60.0,0,0,0,0,0,0
274,mt_292091709,comp_2954,sn_270305,2021-03-27T14:00:00.000Z,Montenegro,tm_721624,Gibraltar,tm_0189159,4,1,0.0,0.0,,,,,13,1,8.0,1.0,5.0,0.0,31,2,17.0,2.0,14.0,0.0,12,0,4.0,0.0,8.0,0.0,12,14,,,,,2,1,2.0,0.0,0.0,1.0,1,3,1,3,0,0,77,23,78.0,22.0,76.0,24.0,0,0,0,0,0,0
275,mt_292091770,comp_2954,sn_270305,2021-03-25T19:45:00.000Z,Italy,tm_32805,Northern Ireland,tm_65980,2,0,0.0,0.0,,,,,5,3,5.0,0.0,0.0,3.0,12,8,8.0,1.0,4.0,7.0,0,5,0.0,2.0,0.0,3.0,8,12,,,,,5,0,3.0,0.0,2.0,0.0,0,2,0,0,0,2,66,34,72.0,28.0,60.0,40.0,0,0,0,0,0,0
276,mt_575179411,comp_2954,sn_270305,2021-03-25T19:45:00.000Z,Moldova,tm_94208,Faroe Islands,tm_17071,1,1,0.0,0.0,,,,,3,4,2.0,1.0,1.0,3.0,8,12,3.0,6.0,5.0,6.0,1,3,0.0,2.0,1.0,1.0,15,21,,,,,4,0,2.0,0.0,2.0,0.0,3,3,1,2,2,1,42,58,46.0,54.0,37.0,63.0,0,0,0,0,0,0
277,mt_616410929,comp_2954,sn_270305,2021-03-25T19:45:00.000Z,Andorra,tm_86059,Albania,tm_17513,0,1,0.0,0.0,,,,,1,4,0.0,2.0,1.0,2.0,2,14,0.0,8.0,2.0,6.0,1,6,0.0,4.0,1.0,2.0,25,13,,,,,1,2,0.0,2.0,1.0,0.0,3,5,3,2,0,3,26,74,21.0,79.0,31.0,69.0,0,0,0,0,0,0
278,mt_575179488,comp_2954,sn_270305,2021-03-25T19:45:00.000Z,Scotland,tm_41641,Austria,tm_86533,2,2,0.0,0.0,,,,,4,5,2.0,2.0,2.0,3.0,13,10,6.0,5.0,7.0,5.0,6,2,2.0,2.0,4.0,0.0,14,16,,,,,1,0,0.0,0.0,1.0,0.0,4,3,2,0,2,3,40,60,38.0,62.0,43.0,57.0,0,0,0,0,0,0
279,mt_303704101,comp_2954,sn_270305,2021-03-25T19:45:00.000Z,England,tm_53273,San Marino,tm_53436,5,0,0.0,0.0,,,,,15,0,7.0,0.0,8.0,0.0,32,2,22.0,1.0,10.0,1.0,7,1,4.0,1.0,3.0,0.0,8,6,,,,,4,0,1.0,0.0,3.0,0.0,1,0,0,0,1,0,85,15,84.0,16.0,86.0,14.0,0,0,0,0,0,0
280,mt_303704158,comp_2954,sn_270305,2021-03-25T19:45:00.000Z,Spain,tm_86522,Greece,tm_17035,1,1,0.0,0.0,,,,,2,1,1.0,0.0,1.0,1.0,9,1,6.0,0.0,3.0,1.0,3,0,2.0,0.0,1.0,0.0,15,10,,,,,1,2,0.0,1.0,1.0,1.0,1,2,0,0,1,2,80,20,79.0,21.0,80.0,20.0,0,0,0,0,0,0
281,mt_616410984,comp_2954,sn_270305,2021-03-25T19:45:00.000Z,Hungary,tm_70924,Poland,tm_53264,3,3,0.0,0.0,,,,,4,3,2.0,0.0,2.0,3.0,10,10,4.0,2.0,6.0,8.0,3,3,0.0,2.0,3.0,1.0,20,14,,,,,3,5,3.0,3.0,0.0,2.0,5,2,1,1,4,1,36,64,39.0,61.0,32.0,68.0,1,0,0,0,1,0
282,mt_575179466,comp_2954,sn_270305,2021-03-25T19:45:00.000Z,Sweden,tm_86978,Georgia,tm_53298,1,0,0.0,0.0,,,,,4,3,3.0,2.0,1.0,1.0,10,8,7.0,3.0,3.0,5.0,4,2,3.0,1.0,1.0,1.0,19,9,,,,,0,1,0.0,1.0,0.0,0.0,3,1,0,0,3,1,55,45,57.0,43.0,52.0,48.0,0,0,0,0,0,0
283,mt_727326975,comp_2954,sn_270305,2021-03-25T19:45:00.000Z,Germany,tm_28696,Iceland,tm_86544,3,0,0.0,0.0,,,,,0,0,,,,,0,0,,,,,0,0,,,,,0,0,,,,,0,0,,,,,0,0,0,0,0,0,0,0,,,,,0,0,0,0,0,0
284,mt_848947585,comp_2954,sn_270305,2021-03-25T19:45:00.000Z,Liechtenstein,tm_17667,Armenia,tm_17007,0,1,0.0,0.0,,,,,0,5,0.0,2.0,0.0,3.0,0,26,0.0,10.0,0.0,16.0,1,9,0.0,5.0,1.0,4.0,13,12,,,,,1,5,0.0,4.0,1.0,1.0,2,3,1,1,1,2,31,69,26.0,74.0,37.0,63.0,0,0,0,0,0,0
285,mt_303704837,comp_2954,sn_270305,2021-03-25T19:45:00.000Z,Romania,tm_32068,North Macedonia,tm_32834,3,2,0.0,0.0,,,,,11,4,5.0,1.0,6.0,3.0,18,14,8.0,7.0,10.0,7.0,3,2,1.0,0.0,2.0,2.0,21,10,,,,,1,4,1.0,3.0,0.0,1.0,3,4,1,2,2,2,46,54,49.0,51.0,44.0,56.0,0,0,0,0,0,0
286,mt_575179422,comp_2954,sn_270305,2021-03-25T17:00:00.000Z,Bulgaria,tm_65328,Switzerland,tm_70912,1,3,0.0,0.0,,,,,2,5,0.0,3.0,2.0,2.0,7,13,1.0,8.0,6.0,5.0,1,7,0.0,3.0,1.0,4.0,13,18,,,,,0,4,0.0,0.0,0.0,4.0,1,1,0,0,1,1,30,70,22.0,78.0,39.0,61.0,0,0,0,0,0,0
287,mt_454652868,comp_2954,sn_270305,2021-03-25T17:00:00.000Z,Israel,tm_17398,Denmark,tm_65124,0,2,0.0,0.0,,,,,2,7,2.0,4.0,0.0,3.0,14,14,4.0,7.0,10.0,7.0,5,8,0.0,2.0,5.0,6.0,9,10,,,,,2,1,1.0,0.0,1.0,1.0,2,2,0,1,2,1,50,50,50.0,50.0,50.0,50.0,0,0,0,0,0,0
288,mt_575179433,comp_2954,sn_270305,2021-03-24T19:45:00.000Z,Cyprus,tm_94680,Slovakia,tm_32733,0,0,0.0,0.0,,,,,4,3,1.0,1.0,3.0,2.0,11,7,2.0,4.0,9.0,3.0,3,1,0.0,0.0,3.0,1.0,16,20,,,,,0,3,0.0,0.0,0.0,3.0,2,0,0,0,2,0,40,60,39.0,61.0,42.0,58.0,0,0,0,0,0,0
289,mt_848947064,comp_2954,sn_270305,2021-03-24T19:45:00.000Z,Slovenia,tm_09821,Croatia,tm_41754,1,0,0.0,0.0,,,,,4,3,2.0,1.0,2.0,2.0,8,11,4.0,6.0,4.0,5.0,2,3,1.0,3.0,1.0,0.0,11,15,,,,,0,2,0.0,2.0,0.0,0.0,2,5,0,2,2,3,31,69,40.0,60.0,23.0,77.0,0,0,0,0,0,0
290,mt_616410996,comp_2954,sn_270305,2021-03-24T19:45:00.000Z,Malta,tm_53717,Russia,tm_09203,1,3,0.0,0.0,,,,,5,4,2.0,3.0,3.0,1.0,9,11,2.0,8.0,7.0,3.0,1,5,1.0,3.0,0.0,2.0,13,10,,,,,1,4,1.0,2.0,0.0,2.0,1,1,0,0,1,1,45,55,42.0,58.0,48.0,52.0,0,0,0,0,0,0
291,mt_616410930,comp_2954,sn_270305,2021-03-24T19:45:00.000Z,Gibraltar,tm_0189159,Norway,tm_41500,0,3,0.0,0.0,,,,,0,14,0.0,10.0,0.0,4.0,1,29,0.0,20.0,1.0,9.0,1,14,0.0,6.0,1.0,8.0,15,16,,,,,1,0,0.0,0.0,1.0,0.0,3,1,0,0,3,1,16,84,16.0,84.0,17.0,83.0,0,0,0,0,0,0
292,mt_848947098,comp_2954,sn_270305,2021-03-24T19:45:00.000Z,Estonia,tm_70906,Czechia,tm_09485,2,6,0.0,0.0,,,,,3,8,1.0,5.0,2.0,3.0,6,20,1.0,16.0,5.0,4.0,0,6,0.0,5.0,0.0,1.0,10,14,,,,,1,3,0.0,1.0,1.0,2.0,0,0,0,0,0,0,24,76,26.0,74.0,23.0,77.0,0,0,0,0,0,0
293,mt_616410945,comp_2954,sn_270305,2021-03-24T19:45:00.000Z,Belgium,tm_32860,Wales,tm_94101,3,1,0.0,0.0,,,,,4,1,2.0,1.0,2.0,0.0,12,4,8.0,1.0,4.0,3.0,4,1,2.0,0.0,2.0,1.0,12,3,,,,,3,0,2.0,0.0,1.0,0.0,1,0,0,0,1,0,75,25,80.0,20.0,69.0,31.0,0,0,0,0,0,0
294,mt_080285324,comp_2954,sn_270305,2021-03-24T19:45:00.000Z,Latvia,tm_65386,Montenegro,tm_721624,1,2,0.0,0.0,,,,,6,7,5.0,5.0,1.0,2.0,12,27,8.0,7.0,4.0,20.0,3,11,2.0,3.0,1.0,8.0,18,13,,,,,1,2,1.0,2.0,0.0,0.0,4,1,1,1,3,0,38,62,42.0,58.0,35.0,65.0,0,0,0,0,0,0
295,mt_303704162,comp_2954,sn_270305,2021-03-24T19:45:00.000Z,Portugal,tm_09479,Azerbaijan,tm_94119,1,0,0.0,0.0,,,,,14,0,5.0,0.0,9.0,0.0,29,4,17.0,0.0,12.0,4.0,10,0,6.0,0.0,4.0,0.0,9,11,,,,,1,2,1.0,1.0,0.0,1.0,1,1,0,0,1,1,67,33,76.0,24.0,58.0,42.0,0,0,0,0,0,0
296,mt_080285312,comp_2954,sn_270305,2021-03-24T19:45:00.000Z,France,tm_28952,Ukraine,tm_28630,1,1,0.0,0.0,,,,,3,1,1.0,0.0,2.0,1.0,18,3,9.0,2.0,9.0,1.0,12,0,6.0,0.0,6.0,0.0,17,3,,,,,6,0,3.0,0.0,3.0,0.0,1,0,1,0,0,0,63,37,56.0,44.0,71.0,29.0,0,0,0,0,0,0
297,mt_616410913,comp_2954,sn_270305,2021-03-24T19:45:00.000Z,Serbia,tm_44175,Ireland,tm_53152,3,2,0.0,0.0,,,,,4,2,2.0,1.0,2.0,1.0,14,6,8.0,1.0,6.0,5.0,9,6,9.0,2.0,0.0,4.0,11,18,,,,,4,0,0.0,0.0,4.0,0.0,1,0,0,0,1,0,56,44,65.0,35.0,46.0,54.0,0,0,0,0,0,0
298,mt_454652856,comp_2954,sn_270305,2021-03-24T19:45:00.000Z,Finland,tm_94162,Bosnia & Herzegovina,tm_70240,2,2,0.0,0.0,,,,,7,7,4.0,2.0,3.0,5.0,12,19,7.0,9.0,5.0,10.0,5,7,5.0,1.0,0.0,6.0,11,10,,,,,0,3,0.0,1.0,0.0,2.0,3,0,1,0,2,0,44,56,50.0,50.0,37.0,63.0,0,0,0,0,0,0
299,mt_969863218,comp_2954,sn_270305,2021-03-24T17:00:00.000Z,Türkiye,tm_17049,Netherlands,tm_41792,4,2,0.0,0.0,,,,,5,9,2.0,3.0,3.0,6.0,8,20,2.0,7.0,6.0,13.0,3,11,0.0,6.0,3.0,5.0,18,12,,,,,1,1,1.0,1.0,0.0,0.0,5,1,2,0,3,1,34,66,39.0,61.0,28.0,72.0,0,0,0,0,0,0
